user_id,signup_date,age,email,country,acquisition_channel
bdd640fb-0667-4ad1-9c80-317fa3b1799d,2025-03-07,58,unknown@meditrack.coom,Denmark,Google
1a3d1fa7-bc89-40a9-a3b8-c1e9392456de,2025-08-01,32,garzaanthony@example.org,Ireland,Instagram
a28defe3-9bf0-4273-9247-6f57a5e5a5ab,2025-01-28,52,frankgray@example.net,Denmark,Instagram
3602f8ac-10f1-4c81-848a-aa9e66b2bc5b,2025-10-27,54,jason76@example.net,France,Google
81f631d4-a392-41a7-9777-a4774c66e0a8,2025-07-07,70,nathanielmartin@example.net,Denmark,Referral
52fbe43b-9954-4eb4-8025-7ad1eb2263dd,2025-05-24,22,hickmannatasha@example.com,Ireland,Referral
e64d1bcb-7027-43a1-9f98-7c71a65e688e,2025-06-04,41,wrightcaleb@example.org,France,Organic
96a402f2-3ae8-4c93-8dcd-cd03969b6662,2025-02-15,23,zimmermanbrian@example.org,France,Google
c0e9ab30-ed26-42e9-97e0-11b7f8102383,2025-10-03,50,richardolson@example.com,Denmark,Google
8dfa6a56-d12d-4c9a-aaf9-15310200b1f0,2025-03-16,55,unknown@meditrack.coom,Ireland,Instagram
e0ccedc5-f05d-476e-9a84-a51aa9d3d7c7,2025-01-15,32,prestonjulia@example.org,Denmark,Instagram
35ebd32d-9ad6-40ab-8821-2ddb45b89cd9,2025-08-16,50,gracefarrell@example.net,Denmark,Google
e87d1c78-e7c4-41c7-8049-7b717d106c60,2025-10-02,52,waltersmaria@example.org,Ireland,Organic
c7b5b2bc-5a8a-4eca-9a50-aec3aabc25fa,2025-06-19,30,vdickson@example.org,France,Organic
cf8d446a-bc2c-4b0d-9d33-4cc7ab7f089a,2025-02-25,80,kristinrodriguez@example.org,France,Google
e08596db-1d87-4966-8710-d430f071d879,2025-11-17,27,beverlyterrell@example.org,France,Instagram
006ed6e3-6fa1-4735-b572-f3d00b5cea6a,2025-06-05,72,unknown@meditrack.coom,France,Google
b82c9074-afd5-4ea5-89d7-fd6cce777f00,2025-11-06,43,michaeljones@example.net,Ireland,Google
8c459ce2-67f4-4ad5-8d0b-0d1a91b0e1d9,2025-09-28,43,justin69@example.net,Denmark,Organic
7118e364-7709-4749-927e-ecfaa79ac9aa,2025-05-07,38,unknown@meditrack.coom,Ireland,Instagram
3eae0032-0bd4-4990-8640-be0f25b8fd4b,2025-11-22,36,gibsonolivia@example.net,Ireland,Referral
76f2dbfe-cd29-436f-a222-82e174daaebf,2025-07-29,25,stephanie79@example.net,France,Referral
13d5f2f7-709b-4d97-864c-04af3d3f3799,2025-08-15,34,unknown@meditrack.coom,Denmark,Referral
51d87c64-55fa-4ab8-858f-1f193c07c574,2025-10-19,20,taylorjesse@example.net,France,Referral
e7a37e81-63b4-408b-ab8e-869fd5385b0e,2025-09-04,53,gateskathy@example.com,Ireland,Google
5a0cdd7c-f157-4470-8182-67c47a1b5806,2025-03-16,52,acastaneda@example.net,Ireland,Google
ccc42903-8bcf-43a1-bc10-fa52bf5d2fdf,2025-07-05,45,unknown@meditrack.coom,Denmark,Instagram
6db99102-a48b-4dbe-957d-94a106f028ff,2025-01-15,77,qwhite@example.com,France,Organic
53ac2ab9-7467-4cd9-b62f-5e5c53cd6268,2025-03-30,19,aramirez@example.com,Denmark,Organic
20500494-3d11-4802-a702-878b9f0fda8d,2025-05-19,32,elliottjeffery@example.net,Denmark,Referral
2af43ab7-5e6f-4a07-8453-6f1d41992fdf,2025-07-06,37,stricklandfrank@example.com,Ireland,Google
cbd58bf6-1efd-46e9-8e37-14af99b49350,2025-11-22,78,reedross@example.com,Denmark,Google
70c2903f-7a8d-43aa-b82a-65e048ca7651,2025-03-31,70,kingmichelle@example.org,France,Google
7de31a51-6694-4343-90ba-58e3d2762bdc,2024-12-24,27,unknown@meditrack.coom,Denmark,Instagram
a911d192-43bf-4931-b605-bf54a021c0ca,2024-12-26,32,glennjones@example.org,Ireland,Organic
ffe3fa49-054f-42ff-b366-bad4964db03f,2025-09-02,46,barbara27@example.net,France,Referral
5553b2fe-6889-403e-9913-f9d3785299f4,2025-03-24,27,hodgemark@example.net,France,Google
6778043b-c5c5-437a-b85e-06a11dad09b2,2025-10-09,44,sandovalamy@example.com,Denmark,Organic
218a1536-8c99-4894-845d-cc38341c6494,2025-11-01,48,fgilmore@example.org,Denmark,Organic
d7665cda-fe04-4059-b985-fb6217dc8eff,2025-10-27,49,pvalentine@example.org,Denmark,Instagram
def57689-68f4-4bce-a4e7-5e8eb8f21423,2025-07-24,59,charlesharrington@example.com,Ireland,Instagram
65c17795-b155-46bc-9f8d-ed9756abf2f1,2025-07-22,66,melissa86@example.com,France,Instagram
c268283e-e32f-4e63-b7fd-dd71a075e927,2025-05-24,57,williamsonjimmy@example.net,Denmark,Instagram
3a3c8a71-ff57-4e2b-8991-ab9bebc2026f,2025-08-27,54,wgood@example.net,Denmark,Referral
6e417d47-5ff5-45ea-9bc4-40f14b1a269b,2025-01-19,67,yknight@example.org,France,Instagram
3810ae66-5a31-44cc-8d4b-69a99b689c88,2025-07-18,45,erica21@example.net,Ireland,Referral
7b5a611a-f1b6-4afe-931e-df1ae9ff1cae,2025-11-16,71,julie51@example.com,Denmark,Google
6502d6a2-ca6a-4224-971e-16cc5da36f1b,2024-12-02,39,gibsonemily@example.net,Denmark,Google
d289f0ab-618a-4305-95a5-bafa431d029f,2025-07-18,49,daniel37@example.org,Denmark,Referral
a6348e78-4d5c-45c7-b379-cb1ee8cda0cc,2025-04-25,51,unknown@meditrack.coom,Ireland,Organic
19597b5a-a7a8-4636-aa35-df59e2aa7a5d,2025-09-28,36,rcrosby@example.org,France,Referral
3e5a87e3-5560-4b22-896b-5edb0cf2b69b,2025-11-23,38,caseyhubbard@example.org,Ireland,Google
dea45c19-d024-4d72-b748-967f961d33ba,2025-02-20,30,kristinacarlson@example.com,Denmark,Referral
fcce96f6-250a-4578-bbe9-4499dbc080fd,2025-01-13,80,lauren10@example.org,Denmark,Google
c9d6a63b-ca3c-4f5f-9bb5-c40c03cde2e3,2025-02-22,41,alfred40@example.org,Ireland,Google
1d181ee9-86ad-4a8c-abc4-123ebde13c1b,2025-08-26,35,xwest@example.net,Ireland,Referral
80fb9296-73b6-409b-9bea-f6ac97fa7f04,2025-02-16,62,acostaregina@example.net,Denmark,Instagram
a4b1f991-7542-4646-8d37-a539857dd3b3,2025-11-14,73,lutzmelanie@example.com,Denmark,Organic
6e218b09-9afd-4015-816b-cb9f7426b193,2025-01-02,49,farrelldebra@example.net,Ireland,Instagram
6e191042-370b-4063-9d90-e79eb888f6ed,2025-05-11,27,robertwilcox@example.com,Denmark,Instagram
50032b35-1857-4baf-bac7-e2b96a7e4c36,2025-05-02,33,nicholas27@example.org,Denmark,Google
7b70c3b8-a81f-4ec3-a79c-658a36760ce5,2025-02-17,53,bellangela@example.org,Denmark,Organic
a847bce7-90fa-4b57-a4ac-2130deaf528d,2025-04-22,61,joycebonilla@example.org,Ireland,Google
604e46cb-3712-42d1-87cd-b6a1bf012e32,2025-04-29,45,eric45@example.net,Ireland,Google
adb14670-ad9f-400d-8882-d73c1c6345ab,2025-07-02,46,brandon69@example.org,Denmark,Organic
6de59332-9364-43d0-9024-bdc6dcb33df3,2025-06-24,66,zroberts@example.org,Ireland,Organic
09a0a0f6-73b0-4091-b634-c1694f76e388,2024-12-17,66,chase19@example.net,Ireland,Google
79c2d2e4-9ae1-4991-924f-93ff30307633,2025-05-29,25,hayeslisa@example.com,Ireland,Google
812a1f9b-1596-4802-b6dd-6257fb7d9f1c,2025-07-21,63,wrightsamuel@example.com,France,Organic
28a39779-9c1c-4517-85d2-d0a686295b5d,2025-04-09,23,paul59@example.org,France,Organic
55ab946d-a5b5-4dc2-a181-c85eca0ac6ac,2024-12-21,78,grantpaul@example.com,France,Organic
a4bbf962-606e-4e1c-8f15-84494f40c22f,2025-09-12,53,elizabethcalderon@example.net,Ireland,Google
86c1b6cb-e996-40f7-af77-520eff4625af,2024-12-31,73,bromero@example.com,Denmark,Referral
277d1be9-6070-46a1-98e5-2499218c6e1c,2025-01-25,73,jenniferwilliams@example.com,Denmark,Referral
195d82f8-ee4a-4b5d-9195-54e307374c86,2025-09-30,64,lacey20@example.com,Ireland,Google
2ff3cde4-6aa4-4c9f-9217-04753d959e3f,2025-07-28,57,millsmichael@example.net,Ireland,Referral
785ac5d0-df92-4621-a3f4-c69d0534a101,2024-12-12,46,qzavala@example.net,France,Instagram
114b9547-c9dc-42b8-9b6a-810204287378,2025-04-02,38,ingramjill@example.com,Denmark,Organic
8bc78e81-5a30-4528-8b59-95622227219f,2025-03-30,27,mariacohen@example.net,Ireland,Google
cfbe4fe9-2ea9-4542-a1b9-70d07a8104de,2025-01-15,28,unknown@meditrack.coom,Denmark,Google
147f6570-1a43-4b54-923a-e9934b3446bc,2025-03-27,24,kirk96@example.org,Denmark,Referral
9d66e815-5a41-43b3-a95f-176cdebac186,2025-11-27,35,danielle01@example.net,Ireland,Instagram
233ffc82-92ec-49af-93ae-c376c359810a,2025-06-08,58,redwards@example.org,Ireland,Instagram
7dbf4bc1-ffa6-43d0-aa9e-5c8db1a8b71f,2025-02-08,30,melissahayes@example.net,Denmark,Referral
cf7dcb43-1679-442f-bf4c-96d671f2ce8f,2025-08-03,71,elizabeth18@example.net,Denmark,Referral
238d6f44-cac4-40eb-b373-730efc31a597,2025-02-21,27,jjohnson@example.net,Ireland,Organic
d4d60735-0e2f-4958-9e43-1e06e9247069,2025-01-11,61,kevinmartin@example.net,Ireland,Referral
9fddde2e-a8a2-47ad-abd3-cdcd27794685,2025-08-17,26,megan90@example.org,Denmark,Organic
a4364fcd-f2d3-4761-8ba3-627914cb0564,2025-09-05,25,debra96@example.net,Ireland,Google
28caaa1d-c35b-4c2c-b098-f7b2500e15c0,2025-05-28,30,tjimenez@example.com,Denmark,Instagram
64ab851b-f1fa-46e7-970d-750705eee1d4,2025-05-30,60,jasongomez@example.org,Ireland,Instagram
5cce5ba9-31d4-4e09-8fd3-3afc91fdfa4f,2025-06-17,39,hughesshannon@example.net,Ireland,Instagram
9f8cc29f-fd35-4c5f-9347-9a3b479bc637,2025-08-03,35,andersoncolin@example.com,Ireland,Referral
8ece1128-56ce-4b42-bc9e-1dcbcb7e6268,2025-11-05,69,jameshicks@example.net,France,Google
53f591dc-23c8-4fdb-83f8-2f16e4a4474c,2025-11-02,19,francisco94@example.net,France,Organic
827c9f8c-d40a-45e9-81df-6517561c9210,2025-06-09,51,thomas05@example.com,Denmark,Organic
9416e4dc-c6b2-4def-b8d8-b7f1c86c6544,2025-06-26,50,silvageorge@example.net,France,Referral
b4adaf89-0ff1-4a9f-ba37-0623bc5fd4dd,2025-01-16,56,unknown@meditrack.coom,Denmark,Referral
713f8f8c-ec8b-4537-98ab-4778143b45e3,2025-07-25,79,ilewis@example.com,Denmark,Instagram
4588fc1b-b238-4849-8fe0-69b6eedaa802,2025-01-16,23,unknown@meditrack.coom,France,Referral
3d4196fe-963a-4617-bdab-07e79d9d028e,2025-02-23,69,danawilliams@example.com,Ireland,Referral
19bd4f93-78ef-4666-b7a4-c719548e1f6b,2025-08-03,60,adampierce@example.org,Ireland,Organic
c1836315-330f-4be1-a689-b4247a3a10e1,2025-11-14,40,justin01@example.net,France,Google
317304b5-c1dd-484a-aca5-8d95915a1c30,2025-01-30,40,gwilcox@example.com,France,Organic
186b2880-ab54-4a15-a69d-01ff1634725b,2025-02-02,22,thomasboyle@example.org,France,Instagram
3c7e5368-b159-4847-9c0b-9b10a757cb10,2024-12-19,39,marshallerik@example.net,Ireland,Referral
21c71aa3-7414-43b5-8e3e-25f2cf0671c7,2025-06-02,56,unknown@meditrack.coom,Denmark,Google
8f0d5540-0ec7-4662-905c-7bdd74f0beae,2025-05-15,67,jennifer64@example.org,Denmark,Referral
12b2102d-940c-4503-b7c8-6152beed0af9,2024-12-13,25,isabella80@example.org,Denmark,Google
f10bce9c-582b-41ee-b8e8-035b0c00988a,2025-07-20,33,ufloyd@example.net,France,Google
4cc57e0d-2633-4018-a883-ac6e6a944054,2025-04-13,56,oallen@example.com,Ireland,Instagram
1e086f20-bdd1-41b0-b64a-b6ec30a5648e,2025-08-27,20,srocha@example.net,Denmark,Instagram
ea45ba41-6589-4da1-b45a-f934b42a2d93,2025-02-22,59,kimberly67@example.net,Ireland,Organic
42c21797-0426-4cc9-a55b-30e2bdc2b74b,2025-06-17,50,mphillips@example.com,Denmark,Instagram
5a2837b2-cb83-43f2-bb96-f6022b115c36,2025-01-27,20,iwhite@example.net,Denmark,Google
49646b96-fa3c-4628-8926-21df465568b7,2024-12-03,39,ldrake@example.org,France,Referral
71da35b9-4eea-4db8-b165-d77901547950,2025-04-07,79,curtis12@example.com,Ireland,Google
8de1596c-5a9a-406a-96f1-42a206b919aa,2024-12-31,53,michelle04@example.com,Ireland,Instagram
b98f5dbe-15ae-4e0f-8777-a07f6346d4ef,2025-10-22,36,ashleyjackson@example.com,Denmark,Organic
13b11e59-c85c-4714-bbf6-95524cbc9044,2025-04-08,78,jennifersimpson@example.net,Denmark,Instagram
22af711f-1b62-4a9d-b536-6b9f320f72c0,2025-03-18,44,ncook@example.com,Denmark,Google
70b27304-545c-488d-9cb9-075ecdd7f460,2025-03-29,42,kevinmorrison@example.net,France,Referral
2d79a2d1-506e-40c7-baa0-61e9336b00cb,2025-11-15,77,kelly79@example.org,Ireland,Referral
d105c8d6-47c1-4017-a045-2909536d47d7,2025-09-10,68,daniel93@example.net,Denmark,Organic
ae84b81c-2e0f-45b3-8bae-591eff4cc10f,2025-09-03,62,bentonsteven@example.net,Denmark,Organic
4a94ae9f-cc35-4e4f-b03e-957f35ab8466,2025-09-27,57,fuenteslaura@example.com,France,Referral
a2224f96-23a1-4e20-bfd2-55eeac484366,2025-03-17,31,donna66@example.org,Ireland,Organic
9cd8758b-a5a1-4825-aa95-28c35ae1dbad,2024-12-13,22,vrasmussen@example.com,Denmark,Instagram
54bbbcf8-28fe-4761-8d49-fe3f2ca8f783,2025-06-19,26,zhall@example.net,Denmark,Google
0123a348-638a-4df6-adf7-2cd3979aa051,2025-08-11,58,joshuapadilla@example.org,France,Organic
d873dad9-5a1b-4f0e-9911-96dc1d3e503a,2025-05-13,34,lisamccarthy@example.com,France,Referral
15b24e1d-9715-4633-9d4e-db71eb2ec80e,2025-07-30,40,david41@example.org,Denmark,Referral
8fc3d7d3-f6bd-40c7-a24a-2a50d0b1fde0,2025-05-30,69,fortiz@example.com,France,Organic
7d1b695e-71a0-449d-9703-262fb5cbe3f5,2025-01-27,56,flynnjeffrey@example.org,Denmark,Instagram
9c3a1e0b-b5f3-48aa-9c6d-afff59c2f153,2025-07-16,78,christinaglover@example.org,Ireland,Organic
59cf0b0d-91f0-447d-8f32-1333ce315937,2025-06-09,20,unknown@meditrack.coom,Ireland,Referral
21f8072d-ddb7-470e-b390-b059207bbe21,2025-02-26,66,maria67@example.org,Ireland,Referral
56771f36-4899-4e5f-940e-53ce52a74a41,2025-06-15,25,ashleewashington@example.com,Denmark,Google
ae13591e-84fa-4c72-b9e7-a4f197fb613a,2025-05-08,68,dominguezlisa@example.com,Denmark,Instagram
231ae7c7-4c9b-4f5c-a188-7eaf5e1885c3,2025-04-16,57,unknown@meditrack.coom,Denmark,Organic
3f6eed9d-23cb-4943-8a84-000350834fef,2025-03-08,67,wrightcarolyn@example.net,France,Instagram
f0f7ad22-c76a-4e0f-88f0-91f09b8b38ae,2025-08-06,51,jamie98@example.org,France,Referral
873dc8bd-122d-47be-980b-c81ea3595d1f,2025-10-18,72,hatfieldsarah@example.org,Ireland,Referral
b538f96c-033e-42f7-9e93-d1272cf72140,2025-01-16,48,martinstephanie@example.net,Ireland,Organic
4350ab06-1059-4a28-861b-4f5b45a08539,2025-08-14,56,crawfordwilliam@example.org,Ireland,Referral
e6e59b32-ac5f-42ef-8085-c1471e910f36,2024-12-16,33,lindajarvis@example.com,Ireland,Referral
ddb449dc-7710-4966-a082-7f7611a529b4,2025-03-10,30,mark87@example.org,Ireland,Organic
a2cd1590-58af-493c-8aa2-b4c93ba5bd76,2025-09-30,21,tapiaaaron@example.net,Ireland,Organic
50a46c85-d9d5-4b02-82d0-4d554aab47b2,2025-10-31,26,vhaynes@example.com,Denmark,Referral
3bcdf203-459e-4674-b3e7-f042516c3b0a,2024-12-24,66,derekcarrillo@example.org,Ireland,Organic
7316ce64-2a14-4a96-9b0c-62eb27c8fc6c,2025-05-16,50,unknown@meditrack.coom,France,Referral
7603c36c-f139-4e3c-8aee-25571f5df912,2024-12-15,64,zunderwood@example.com,France,Organic
9d3616a1-08de-4921-a60c-b547e2280fe3,2025-07-11,30,deborahporter@example.net,Denmark,Google
7c13f47a-c80c-4195-8b65-84ce7acc9970,2025-04-01,51,paul20@example.com,Ireland,Organic
9770a3db-e9fa-47e2-9bd9-3609b297a782,2024-12-07,63,stacey92@example.net,Denmark,Referral
3b8d3447-0e61-465f-971b-1b8009b7fdf7,2025-07-05,36,foxaaron@example.net,Ireland,Organic
51397c06-a630-4d9d-bcb9-23f5f5edf382,2025-01-29,31,jeffrey92@example.com,Denmark,Referral
4b657bcc-b041-4f19-bbe7-18354e8bf78a,2025-01-12,26,rushstacy@example.com,Ireland,Google
f7164b73-c555-43ed-be89-56c8d9cb3540,2025-06-22,33,carriemccall@example.net,Ireland,Google
1aa6f7cb-90c7-46ac-a3bf-e403388c9751,2025-11-04,58,unknown@meditrack.coom,Denmark,Referral
f11c0ac5-8c0b-493a-9333-5bc9bb635ff5,2025-10-21,44,morgantricia@example.com,France,Organic
68c690b2-30a2-4ee8-b972-2cc1349ef4a9,2025-08-09,74,unknown@meditrack.coom,Ireland,Instagram
7daec949-d700-4461-8cb6-b0ba925f8199,2025-01-22,74,adam14@example.net,Denmark,Referral
331de35c-7af6-4d41-99a7-b99ba005f5e1,2025-01-01,30,georgecarter@example.org,Ireland,Organic
e71c681a-6511-461a-9436-65f54c819260,2025-10-05,42,shawrachel@example.net,Denmark,Referral
850a48d4-46b5-48de-9b4b-b8eb537d0bd1,2025-05-13,62,buchanancindy@example.net,Denmark,Referral
6a18e5af-1cce-48e9-ab6a-8061c81c8d31,2025-01-20,57,buckleyanna@example.org,France,Organic
6552ac53-09ed-46f5-a6d7-1d97b193c8b8,2025-10-18,66,hannah07@example.com,Ireland,Instagram
29b44cb1-0cb5-4e5c-a2f5-f7c20706fec2,2025-10-05,55,unknown@meditrack.coom,Denmark,Instagram
db6ba39b-36dd-4529-b704-d72fc7a2f280,2025-02-16,52,ericaadams@example.com,France,Organic
7b53359e-1bac-4d0d-af35-b30b4c68eb17,2024-12-20,51,danielle44@example.net,France,Instagram
a6c681b0-e472-4be5-b3c2-944ab60a3dcc,2025-03-16,66,zacharyallen@example.org,Denmark,Organic
6793cb09-6b27-4eff-a82b-5b364269c28c,2025-04-18,40,aguilarwanda@example.org,Ireland,Instagram
2b843ef3-d86d-455d-8cd9-916481df62f4,2025-09-30,31,kellyruiz@example.net,France,Organic
392c04da-5af3-4a5a-b8e5-9b2716dc5a6e,2025-08-26,65,robert55@example.com,France,Google
d9e92758-76b9-4436-8b46-ef3395e7f614,2025-01-09,66,delacruzbrandy@example.net,Denmark,Google
80daa8ca-6230-4d27-9a4b-160621019bff,2025-06-30,33,cameronwilliams@example.com,Ireland,Google
61584f88-71be-44c3-aab1-cdb61da466fe,2025-01-11,73,thomas23@example.net,Ireland,Google
4d15f7d8-0261-487a-a15c-159aaf8ca888,2025-04-30,48,batesjoseph@example.net,Denmark,Referral
d4a5a81e-6b38-4a0a-a31d-260bb362cd55,2025-10-21,79,campbellkristen@example.com,France,Instagram
e90d21cb-7f11-4a36-8c52-d2710a167e18,2025-02-11,43,arivera@example.org,Denmark,Organic
e4ffc31a-5b86-4a69-9423-1dbe2ba6b158,2025-05-06,65,unknown@meditrack.coom,Ireland,Organic
bbaa574f-e0e3-45ce-84af-ecb79f2ebefc,2024-12-31,36,ian66@example.com,France,Organic
b09d721b-62be-4009-95f0-fb6a4596da75,2025-10-04,54,zbanks@example.org,Ireland,Referral
702b7014-adab-4c2f-91a6-46dacd613988,2025-02-01,47,nmaxwell@example.org,Denmark,Google
42f90f92-1036-4a81-8bc4-d7ba70d0ebcb,2025-07-24,51,busherica@example.net,France,Instagram
39571344-90a4-4421-b949-3906939f44eb,2025-11-19,66,april91@example.com,Ireland,Google
ef32f72a-a4b5-4723-82fb-28690df80b89,2025-01-23,41,kchristian@example.org,Ireland,Organic
39034b65-81c6-4eeb-8ce3-c8c847354e4f,2025-06-16,18,ppowell@example.org,Denmark,Referral
1a46d536-048c-4480-a743-7402bec7fb11,2025-04-23,69,hawkinsaaron@example.org,France,Google
9e7b1e95-f692-441a-9aad-10cecab24f24,2025-07-18,33,diamondbryant@example.com,Denmark,Referral
c47566bf-8f66-4bbd-94fc-286f74577d47,2025-07-11,54,xmoran@example.net,France,Referral
c262cad0-18f1-41e4-9d30-a29073d92ace,2025-07-26,61,petersonmaria@example.com,Ireland,Instagram
eca391d4-7ba1-4dd7-95ca-788dd6bca712,2025-06-01,20,heatherthompson@example.org,Denmark,Instagram
5a2c41bc-c2c2-46ff-9d8b-32d9b5d9ad36,2025-06-20,45,icraig@example.com,Denmark,Organic
253421bc-6180-478a-8678-3c341b41a61e,2024-12-16,49,gonzalezkaren@example.org,Denmark,Organic
aec2bb19-fbc3-48d8-ad6b-c88272e588e9,2024-12-24,26,jillwilson@example.org,Denmark,Organic
43a534d2-8e7d-4f5a-8773-e66a6db2b020,2025-01-13,24,unknown@meditrack.coom,Ireland,Instagram
f3476736-37ec-47a6-8b27-b0795c5d3f1b,2025-08-29,22,wbarajas@example.net,Denmark,Referral
5893ef12-ab3f-4d22-9d5e-6aee0240f59a,2025-05-09,48,susanfleming@example.com,France,Organic
83a9c235-5ffd-4015-853f-1db3d275bd43,2025-09-16,37,stucker@example.net,Denmark,Organic
a55bc44f-e7d7-4d1d-a9a3-b9913634646c,2025-10-04,52,eugenewalker@example.com,Denmark,Instagram
abc53545-2e6d-4a04-9d57-e73431bf5cf6,2025-09-15,24,yorksarah@example.net,Denmark,Google
199c8d94-3c0a-484e-a7cd-13cbabda06b2,2025-03-11,18,mcculloughlouis@example.com,Ireland,Google
013ca998-2b2b-458c-ada5-8dadf56aabc0,2025-03-21,40,jenniferdavidson@example.com,Denmark,Organic
adf8f767-2261-4def-9c07-4653d71173e4,2025-08-22,76,wford@example.com,Ireland,Google
134d695a-ba38-4c8f-9393-09d1a06a187d,2025-10-19,38,hessbeth@example.net,Ireland,Instagram
7cd61da4-c2ef-4a8b-b804-87860a58f43c,2025-02-19,43,mike03@example.net,France,Organic
d1366db1-5a57-4607-a7e5-46468430f0fa,2025-10-10,47,msparks@example.org,Denmark,Referral
20bd1422-0b0b-41de-be61-2d6605bf0618,2025-06-24,61,dennishunt@example.net,France,Referral
421d4dca-2a95-4908-8e50-3fd82598f383,2025-10-30,25,kgreene@example.net,France,Organic
9f8acdeb-2e8f-45a8-847a-3b7ed209383b,2025-07-26,53,gary57@example.net,France,Google
2649a478-d396-4f0a-ab77-af9eaf32baf8,2025-07-06,49,thomasmendez@example.org,Denmark,Organic
e59fc1c2-004e-481a-93d8-77a88a0ea57a,2025-11-05,49,unknown@meditrack.coom,France,Google
85a4b0cb-6e76-436a-a634-0d1aadb610f4,2025-04-29,36,wolferoy@example.com,Ireland,Referral
48842a14-1575-41ad-9bea-e9f8e8fb5a96,2025-07-03,54,ascott@example.net,Ireland,Referral
93f6f723-01d2-4a76-8a17-9780be5f902f,2025-06-06,52,brooksjamie@example.com,Denmark,Google
279f91ab-1b49-49b6-9cbd-b68268aa1236,2025-05-01,45,jose86@example.net,Ireland,Google
fde6849b-468b-42af-9ca4-364d5d9ad9f1,2025-08-03,37,robertbowers@example.com,Denmark,Instagram
8e0eabb7-8f20-45e7-9ec6-46eb2dc09158,2025-05-23,46,becky62@example.net,France,Google
25343e85-d2c0-4ec2-9751-94d7cdeb2696,2025-05-18,69,qdavis@example.org,Ireland,Referral
2b633b18-9d7d-4756-bb4e-c9f5b2cd9a0a,2025-07-31,62,john02@example.org,Ireland,Referral
66414954-c798-4445-86a3-cc71ff2f6883,2025-04-05,71,msullivan@example.net,Ireland,Organic
1190e515-b420-4103-bca7-26eb03ef0f77,2025-10-29,49,jessica89@example.com,Denmark,Organic
c68da4b2-f613-4da0-96f4-01e5c1e9c4fa,2025-05-13,72,bmosley@example.com,Denmark,Google
bf0418a9-f276-4513-aeca-f62944e22691,2025-08-04,20,victorgonzalez@example.net,Denmark,Instagram
34ef71df-43f1-4b58-9f6c-0d603df76a69,2025-02-18,25,marykelly@example.org,France,Organic
2fe938e4-427b-4ffb-9ca1-adcc9cdf0664,2025-06-15,70,josephmullen@example.com,Denmark,Google
6c878546-7faf-4458-af14-f7775dad348e,2025-02-12,48,michael64@example.com,France,Instagram
618192de-db37-4ca7-aea5-e3418e2ac3ff,2025-02-06,42,thomassmith@example.com,Ireland,Google
1f096b9d-6969-49b2-8513-eda8581993cc,2025-04-04,23,barbarasantos@example.net,France,Organic
e33fc52c-4570-43e4-a53c-8f74a5076897,2025-05-08,42,julie87@example.com,Ireland,Instagram
05e9f407-daad-40b1-af13-2a6d2ad55c0b,2025-01-11,51,ebonyshepard@example.net,Denmark,Google
63ccf604-e2ae-4f87-ae7c-a782a7a31d25,2025-03-20,55,unknown@meditrack.coom,France,Instagram
7172f636-48bf-4602-bcd2-e8eb3f5560cd,2025-07-14,77,alisonjackson@example.org,Denmark,Referral
98fb4727-9740-4212-ad52-45f48a0ec018,2025-05-13,35,omills@example.net,Ireland,Google
7b4d8646-58e0-458f-a8af-301f4f45f6f7,2025-06-12,80,ramosmichael@example.com,Denmark,Instagram
f26bcebf-7def-4b8e-ac0d-fc3ab011b125,2025-08-30,33,albert64@example.net,France,Organic
6fe633f1-8f80-4d8b-a1d5-5f8569678586,2025-04-20,25,jenniferbrewer@example.com,Ireland,Instagram
3012f819-7df3-4378-9f6c-cab4b3522c18,2025-03-24,67,brandonnichols@example.org,Denmark,Referral
44e9f8fb-4838-4888-9a2e-9864f8eaca36,2025-01-11,51,oacosta@example.org,Ireland,Instagram
3133839e-2e7d-452b-b85b-8a078b0ea0b9,2025-10-20,67,lisa01@example.net,Ireland,Instagram
355cca9c-fb6b-41dc-aa7f-7e0685695f97,2025-05-19,33,sharon20@example.net,Denmark,Google
1f44aa88-855b-4c5b-8cb1-457eeffad15b,2025-02-27,29,james03@example.org,Ireland,Organic
c891d55d-94c1-46b9-8ac0-13d5f80590f0,2025-08-06,35,nathandavis@example.org,France,Instagram
9e5f8273-af9a-4168-9766-17957ffab493,2025-03-30,29,browndeanna@example.net,France,Organic
0b34fc84-1111-4e29-a8ad-153985f0786a,2025-09-28,24,gregoryjohnson@example.org,France,Organic
08252b39-1947-4a42-b10d-c9d17c413a2a,2025-06-23,49,hbarrett@example.net,France,Referral
0c90e028-4185-400d-971d-f5fdb38950ce,2025-04-10,23,smithsamantha@example.net,Ireland,Organic
b55beaaa-cb53-40be-9e7b-4866d2705470,2024-12-18,55,allison14@example.org,Ireland,Organic
56673e49-8133-4bdc-a6cc-73768cca8963,2025-07-25,32,umahoney@example.net,France,Instagram
d8485a54-531c-4812-bf31-950afdd084a1,2025-04-12,27,umckenzie@example.net,Denmark,Referral
36c3fe85-8bae-495e-902a-405c3d9ffe59,2025-04-13,44,michael77@example.com,France,Organic
531f04af-b93c-42d5-93c3-7b5dbbf8da91,2025-09-13,34,unknown@meditrack.coom,Denmark,Organic
1417182a-61ad-418a-9387-5413ceef7261,2025-09-08,24,michael66@example.org,France,Google
bf67de42-3a0a-4b59-8538-4872deaa543e,2025-07-23,26,walterscrystal@example.org,Denmark,Instagram
ff5376a4-bb48-4bba-ac73-5be00ceeddc2,2025-04-19,22,kmullins@example.net,Denmark,Google
7b1dbca3-2286-43f8-8314-96ea2160446e,2025-06-19,49,kfoster@example.org,Denmark,Google
bc54b8c1-ff40-4dcc-9db1-f7f98fa8ae34,2025-06-06,40,charlesfrank@example.com,Denmark,Referral
16efacdf-9375-4e61-ac94-503eaf4afcdd,2025-01-07,46,unknown@meditrack.coom,Ireland,Google
d2535515-9dc0-48b5-9987-038afcd6c18e,2025-11-24,21,chanson@example.org,France,Organic
a63fcf12-e226-4768-9e0e-9c534ae0fd7a,2025-04-17,66,tromero@example.org,Denmark,Referral
dde4d194-7c12-4198-90c1-b8f7e76428c4,2025-07-03,77,lopezvincent@example.com,Ireland,Referral
41f74651-a033-4dad-8fdf-de19cfd835fc,2025-10-14,54,raymondstacy@example.org,Denmark,Referral
854dc3bf-61d8-4365-bada-0c941679bbe0,2025-11-13,56,unknown@meditrack.coom,Denmark,Instagram
72fcc072-544c-4132-9af9-7493e8e46b31,2025-06-13,63,denisecarpenter@example.net,Denmark,Instagram
235b275b-dcd2-4b97-b3ca-9a6bccd3af7c,2025-03-20,19,russellstout@example.org,France,Instagram
f4672866-ed56-42a0-ad54-ff2b10ee4f77,2025-11-22,64,dwatts@example.org,Ireland,Organic
2e057f79-1cf8-403f-802b-1bf4b8ff615c,2025-09-08,46,phillipmorris@example.org,France,Instagram
dafc3805-7f64-45de-b569-9aef03200c4e,2025-05-28,39,franklintrevor@example.org,France,Instagram
74283491-79c8-42cb-a8d3-110e96bfae6e,2025-04-26,53,burkeadam@example.net,Ireland,Organic
8ebb8208-a0ee-404f-9ea8-fcb1473268c9,2025-09-23,63,brandonhernandez@example.net,Ireland,Google
294d43ed-2da1-4fda-be65-6dcc6abdb05a,2025-07-30,31,tammycurry@example.com,Ireland,Referral
d90949aa-9bdd-4d7a-ad53-628b49851b79,2025-03-22,24,sara99@example.com,Ireland,Referral
7f6bf62c-a1c1-4b96-baab-d9f2850b7073,2025-05-26,80,nicolehall@example.com,France,Referral
cc18dd0e-7978-4c84-aa89-a9797aa6d6ea,2024-12-10,54,timothyburton@example.net,Ireland,Instagram
c064f074-c847-4130-9d56-030e1de987a2,2025-03-19,54,jennifer46@example.org,France,Organic
8188de48-719b-4dd6-97b4-e75be9d18ec2,2024-12-06,69,jstein@example.org,Denmark,Instagram
03e7dd21-1d4d-46d6-860d-113d2851a8be,2025-11-12,77,clarkmichael@example.com,France,Referral
989b68c0-b465-4027-add1-d45b6454a82a,2025-10-19,20,tjensen@example.com,France,Organic
1ce62a9f-79af-4348-90bb-c60d07bf63ee,2025-04-04,80,ssingleton@example.com,Ireland,Organic
af7d7f21-1bd6-403d-9927-839b11d1ce50,2025-09-20,30,pmurphy@example.net,France,Instagram
d1291d13-37b5-47b4-972d-2bd00fbd4c81,2025-01-16,47,shermandonna@example.com,Ireland,Google
adf792ff-e9c7-413a-8b5a-4d7791fda27f,2025-03-18,58,wrobbins@example.org,France,Referral
b40f040e-0037-447f-8d99-c071f7c8435f,2025-06-19,40,daniel40@example.org,Denmark,Instagram
64eec4c1-9714-4adc-b3c4-d0306e84e832,2025-07-13,36,bsullivan@example.net,France,Google
79912c51-2c64-4adf-a998-c8e1361241be,2025-01-16,72,xbridges@example.com,Ireland,Google
a86de251-7c98-456f-a288-109db8a9b014,2025-05-05,48,christophermay@example.com,Ireland,Instagram
91724023-09b1-45d6-ba6d-81ee0890f506,2025-05-22,55,unknown@meditrack.coom,Ireland,Referral
85fab5ea-1407-4edb-8456-ce4f77061136,2025-10-18,61,sanchezcrystal@example.net,Denmark,Referral
e7f339dc-833d-43ad-b43b-9f717807c947,2025-05-17,30,robert44@example.org,France,Instagram
fd888cbd-a804-4463-8d36-f5e492a6f3e6,2025-03-13,64,mitchellchristopher@example.net,Denmark,Referral
c5ed3982-760b-4673-a422-a73e958c9cfd,2025-08-01,47,jessicachapman@example.org,Ireland,Instagram
b0b6148c-ad7e-4ff7-9660-4762851b9860,2025-11-25,48,amy01@example.org,Ireland,Organic
fec88839-ec35-43de-b414-e3e1a3871e92,2025-03-08,58,unknown@meditrack.coom,Denmark,Google
aae6787e-e744-4a30-b135-6d676d4ec8a4,2025-09-04,66,jonathan14@example.org,France,Organic
fef72410-5528-4c45-a37a-a99961ff1d9a,2024-12-18,68,gregory17@example.org,Denmark,Organic
ef5eeca5-8909-4003-9136-e5301f0733df,2025-11-24,22,evelyn60@example.net,Denmark,Organic
7c8b7f1e-5bf8-4967-b057-fcd4a1701e8e,2024-12-28,40,imoss@example.org,Denmark,Instagram
ff12fe28-b840-4136-867e-4b72316e8645,2025-07-02,32,yprice@example.net,France,Google
88b04b77-7feb-4cf3-8ec7-7371a4b65cfa,2025-11-15,64,blevy@example.org,France,Instagram
7d283421-243f-45fe-bc47-16ad0970d09d,2025-07-24,56,nmeadows@example.org,Ireland,Instagram
2dee003e-01d9-4e96-81a0-204714aa3ca3,2025-10-31,68,robert72@example.org,Ireland,Google
3c52d68a-8ec6-4be5-812b-809e6b358d15,2025-02-05,76,montgomerymichelle@example.net,Denmark,Referral
c5346e41-76d6-4c39-b822-7b0d81ee30e4,2025-07-14,33,unknown@meditrack.coom,France,Instagram
deb0de7d-699f-4b02-bcdd-0b483cb3c9fa,2025-02-08,72,charlesrichards@example.org,France,Referral
3d333164-4bb8-4be2-9bc0-798821f969e9,2025-07-22,20,smithelizabeth@example.org,Denmark,Instagram
8a257159-3d17-4879-95bd-f39efb334e61,2025-01-07,38,wmclaughlin@example.net,Denmark,Instagram
35b50ec5-b3ed-4f33-b587-d26ddf02774d,2025-08-29,50,lukehurst@example.net,Denmark,Organic
0df1172a-46f2-4f38-ac45-1540ae2356f3,2024-12-20,70,unknown@meditrack.coom,Denmark,Organic
2a96c526-f4ca-4e70-b4b7-99ec48cd42c0,2025-07-11,62,unknown@meditrack.coom,France,Organic
bdd4c1f2-71b8-4ce0-a347-2e25ba5498fd,2025-11-25,30,zroberts@example.net,Denmark,Referral
1a380e8e-29bc-4734-a929-66beebc095f5,2025-02-14,71,mariepope@example.net,Ireland,Referral
d087edcb-be94-41cb-875c-c8eb4dffc9aa,2025-01-09,42,melissathomas@example.org,Ireland,Referral
2155fba8-35b8-43e4-a016-8e6d4eb39f63,2025-11-21,26,yvazquez@example.org,Denmark,Instagram
f11cc0a4-bf06-4520-988a-617b254338df,2025-03-08,51,michael89@example.org,Ireland,Instagram
1fa54251-5074-4c13-bc0f-94cdc2ebbaa2,2025-05-16,46,tylerward@example.com,Ireland,Google
150e3388-0a65-42a5-b8dd-f15d8ea035f0,2025-03-27,79,cruzstephen@example.net,Denmark,Organic
d751af9c-f9e6-4ebb-afe2-487f4fdfaf5d,2025-05-08,76,broberts@example.org,Ireland,Referral
ad3053ce-a896-4e70-85cd-338470249792,2024-12-28,49,ralphneal@example.org,Ireland,Google
67899d92-f33c-4c36-9a69-0cadaaab5830,2025-11-23,71,dylan71@example.org,Ireland,Organic
3b172319-7f4d-45b9-bd45-7a09402d35e8,2025-07-14,59,anthonyrojas@example.org,France,Instagram
c0697f1d-a93c-4413-9396-a289c29a988f,2025-06-05,21,msparks@example.com,Ireland,Instagram
813a3aa5-7d81-4c21-bf76-4fcea97ef131,2025-03-02,54,lisa88@example.org,Denmark,Organic
9defc23f-60b7-49a9-b88a-fc64974ebb87,2025-08-01,56,luke09@example.org,Denmark,Organic
1d4dfdb1-4e0e-4e2e-9e72-d97010c49f9e,2025-03-30,79,ryanbenjamin@example.net,Ireland,Google
83c74cbe-916b-4f87-ac27-316bdd05b827,2025-10-22,25,unknown@meditrack.coom,Ireland,Organic
36cdf42f-892c-4b33-99af-8224d7232ce3,2025-03-12,29,evansashley@example.org,Denmark,Google
178a8c73-f53b-4020-be2d-e8c89fe3f824,2025-08-16,25,vargasjoshua@example.net,Ireland,Instagram
c4e4fe52-da4f-406b-9d4a-c78bcf1643a0,2025-10-24,57,boydmichael@example.org,Denmark,Organic
31216863-2663-4d11-9d12-2ccf3d0d3ffd,2024-12-07,28,steven86@example.com,France,Organic
503ba8c3-ce83-4e27-85ef-d6701f4d88ce,2025-03-27,75,vshaffer@example.org,Ireland,Instagram
7d8823d2-0e51-4083-96e8-3922dce70289,2025-06-10,76,stewartrodney@example.net,Ireland,Organic
e1228e75-4719-4f5c-b69b-d5963f10938c,2025-09-10,59,michaelbaldwin@example.com,France,Referral
ec511744-05e1-4e2f-b2b7-4922054edd71,2025-06-19,50,rebeccamccann@example.org,France,Instagram
61cf91fb-7e81-4dfa-bf16-e3e949b7e037,2025-01-13,48,carolcarney@example.com,Ireland,Organic
6b17bd75-307a-4acb-ad5c-3c49ba098a27,2025-02-01,19,unknown@meditrack.coom,Ireland,Google
754a3e48-a5b1-4afd-af2c-20ac953922c0,2024-12-28,21,uanderson@example.net,France,Organic
0d574085-0f0a-4450-8e97-8ce118643b6a,2025-03-28,78,thomasgomez@example.net,Ireland,Organic
50c76baa-2a3c-4137-a486-23dd6f8ef978,2025-08-23,70,jgallagher@example.net,France,Organic
3427e466-17f4-485d-997f-aaf01fa7cddf,2025-10-10,41,marybrady@example.com,Denmark,Google
64e84ffc-1f3a-4c68-ae3e-6268fb38bc6c,2025-04-12,45,hooderic@example.org,France,Instagram
73fe7e1d-f36d-4b13-9f53-4d9aa7faf009,2025-03-25,30,jasonwilliams@example.net,France,Instagram
0e378b07-cc53-4c3e-92bb-530d486fac8f,2025-08-26,51,qdavis@example.org,France,Referral
76a990f1-f928-4706-977c-9717836a5887,2025-08-01,65,sarahrose@example.net,Ireland,Instagram
77dd362b-4a6b-436b-957f-108b86514886,2025-05-06,65,ievans@example.net,Ireland,Google
3fa7c199-d76f-4813-8ce7-94d7e724b119,2025-06-06,24,ashley81@example.org,Denmark,Instagram
14eed987-95e7-46e4-813e-84bd5aff4594,2025-09-04,70,wilsondorothy@example.org,Ireland,Organic
6498da39-d7c8-402c-aea5-312ac942e6e8,2024-12-13,23,tmcdowell@example.com,Denmark,Instagram
c1e1f813-747a-4231-b95e-44e3965349ee,2025-07-30,56,matthew23@example.org,Denmark,Referral
88ccddbc-6f0d-4229-9b38-7c72ac648459,2024-12-03,46,kwilson@example.net,Ireland,Referral
67b41520-b11a-4696-b5cd-3e5c7a248720,2025-10-10,30,nturner@example.com,Ireland,Google
b0b710ab-f690-42cf-ac7e-5cc6b0cf3e7f,2025-08-01,57,christopher20@example.org,Denmark,Google
b22f2e91-0411-4e35-90e3-4b2b1ca64c33,2025-11-17,59,clarkdeborah@example.net,France,Referral
1dd03ecd-0595-49a3-ac00-46f07957595f,2025-01-26,55,joannewallace@example.com,Ireland,Instagram
73137fa5-dc1b-4eb1-8506-536c78b3842a,2025-06-29,76,kennethgallegos@example.com,Ireland,Referral
50db8e34-938f-4b90-ac08-7d6c04de78f8,2025-06-17,39,patricia67@example.org,Denmark,Referral
702805af-5806-41f1-b820-242631341ab8,2025-02-19,67,brianacohen@example.net,Denmark,Organic
cbc4dd42-5c39-457d-bc0d-bd13a70a409d,2025-05-18,34,christycampbell@example.net,France,Google
d772e63e-f670-4a62-b506-d74ccc8a6796,2025-08-30,65,harringtonchelsea@example.org,France,Referral
81dec9db-0abe-4257-8ffe-38c9d2d81eb3,2025-01-04,31,pittsrhonda@example.org,France,Referral
7107514f-b54a-41ba-8ac8-927eba751921,2025-09-01,27,goconnor@example.org,France,Organic
d1b48562-55a8-46a1-9d1d-dcb7a5a7e280,2025-01-16,57,scottperry@example.org,Ireland,Instagram
a90d75ad-cc8f-46ce-b69f-627cfae45d7c,2025-10-13,47,robert84@example.net,Denmark,Referral
581ab26c-e8c3-4a79-904e-54acbe216c79,2024-11-29,62,unknown@meditrack.coom,France,Organic
9c433e67-871d-4bfc-a674-10de479fb5f3,2025-10-29,55,ngriffin@example.net,Ireland,Referral
4fefc63f-8d41-4660-82fc-e90817c305fc,2025-06-05,45,andrewzamora@example.net,Denmark,Referral
740173c1-0155-4a51-bca2-c581928b1e4b,2025-03-31,69,lindazhang@example.net,Denmark,Google
214bd473-e375-4867-acc5-60710febecad,2025-05-20,43,rmiller@example.net,France,Google
9ff0f466-ccc0-4446-96dd-58af53415fe2,2025-07-28,72,unknown@meditrack.coom,Denmark,Google
91fb8925-f511-4438-8d89-2cedc1f31143,2025-06-05,28,bshaw@example.org,France,Google
9b5ad674-8896-44b2-8e92-605915ab7cd2,2025-03-24,31,henrysarah@example.com,France,Instagram
24df6dcc-490c-4f97-ab0c-456b8ab20bf4,2025-02-01,51,moorestephanie@example.net,Ireland,Google
e49c5edd-69ae-417b-a478-4b7d51ee3cc8,2025-03-25,32,hdavid@example.org,Denmark,Google
8e7569bc-b99e-4f7b-a3c0-1eb1d49b862d,2025-11-27,18,gclark@example.com,France,Referral
e6c51969-0118-41cf-b9fd-cd339bd972ca,2024-11-30,56,robertwoodard@example.net,Ireland,Referral
5a5ddcc5-1f98-4a0d-ac18-4ef971f71add,2025-11-17,33,wcarey@example.com,Ireland,Organic
be3eb6f7-38b5-45b9-8265-a22371cfd772,2024-12-04,58,erin53@example.org,Ireland,Referral
e78dcf32-7e2a-4f73-87df-a607096b7724,2025-08-11,30,adrianjoyce@example.net,Denmark,Instagram
20d4c165-9691-445d-90bb-794e2cef7557,2025-08-27,29,jordanhudson@example.org,France,Organic
c841b6a8-ba99-4da0-85e8-9165e1896b25,2025-03-07,64,braunheather@example.net,France,Instagram
8f63c2bb-ae41-4155-80bf-6f6b9d4d0658,2025-10-16,49,pacedanielle@example.net,Denmark,Organic
846af2e6-5c89-4b2a-bedd-fc1777723a5a,2025-08-31,23,unknown@meditrack.coom,Denmark,Instagram
14f16d92-55af-47da-b1d1-d6cb6450dd3c,2025-10-15,71,mooneyjeremiah@example.net,Ireland,Google
6e8d0018-a04d-4c84-9c59-5e034d2d3557,2024-12-21,74,hansenkenneth@example.com,France,Instagram
985d654b-0325-4820-9a49-de981ba651ed,2025-08-15,18,rebeccamartinez@example.net,Ireland,Organic
d7c713b7-2d13-48f3-8580-8066322c3dae,2025-03-02,64,smitherica@example.com,Ireland,Referral
53e2e047-2608-4b53-8a22-6cfe4b4f8f74,2025-02-25,20,monique89@example.com,France,Google
3832dfc1-350b-4860-895e-e97ca6552e7f,2025-10-20,18,zroy@example.org,France,Organic
0a8857a5-957e-4c66-baec-eaf85a00d0f2,2025-05-16,51,ronald76@example.com,Denmark,Instagram
51284026-7f5e-4b6b-8df4-01375e15433b,2025-03-06,78,whitejesus@example.net,France,Instagram
1519613c-e6c7-4f15-9bed-83be136d6cce,2025-03-14,64,hartmansara@example.org,France,Google
3bd54863-7974-490b-b5ba-5e93bfc77282,2025-06-03,68,dsharp@example.com,Ireland,Referral
d8867545-5025-4c18-95fb-f5dccabaef3c,2025-02-03,60,cclark@example.net,Ireland,Organic
8d8b4c60-acc5-4c62-9ab4-44a72be26bd1,2025-01-31,64,mjohnson@example.org,Ireland,Instagram
48a84587-62c9-44fc-b686-cfa7e94ded1e,2025-02-10,51,donna17@example.org,Denmark,Instagram
2bfcc524-02d3-4b7e-84be-7e1c5e5ffeaa,2025-03-26,37,hmyers@example.org,Denmark,Instagram
798b2f02-aa2f-49d1-b5ad-09f5d161a381,2025-01-24,24,briana87@example.com,France,Google
bcbf1583-0a01-45e5-937d-6fb176733597,2024-12-30,64,treed@example.com,Denmark,Google
461633bc-286e-4f0a-9edb-aec4e2b2de4b,2025-10-16,67,elizabeth13@example.com,Denmark,Referral
c5bca449-0c75-4a17-8131-c6019923fc7a,2025-04-14,53,sarahbrooks@example.org,Ireland,Google
e1dd7fdf-f570-4436-b877-2265102c01a3,2025-01-01,33,jenniferwilliams@example.net,Denmark,Referral
e2ad828b-113c-4f25-8b3f-953a5e75788f,2025-02-14,46,katrina71@example.net,France,Google
991b749e-b9ad-400a-ac64-8a9b3cf1c29e,2025-11-23,34,unknown@meditrack.coom,France,Referral
fd063a58-aa3d-4585-aaec-f4e0e81909ce,2025-02-25,73,unknown@meditrack.coom,Ireland,Organic
97b6a461-2c76-44c1-977d-8b262024c407,2025-06-15,29,joelmiller@example.net,Denmark,Instagram
b8bf9cae-2a06-4fd2-8fbc-098477922d9e,2025-02-07,20,pthompson@example.com,Denmark,Referral
782152e0-b701-4925-a2fb-e906554ed52c,2025-02-06,32,adamhensley@example.net,Denmark,Google
fcce3ef8-a41b-44c2-8ecc-b0ab7d5338ca,2025-06-30,44,hdyer@example.com,Denmark,Referral
ebe55cc4-08d5-4cf7-ba4c-38ef3e0ad66d,2025-09-20,73,terrydeanna@example.com,Ireland,Google
ae5a5f99-f1bb-4d9b-b499-bb6b9afdd464,2025-01-19,45,carrielynn@example.org,Ireland,Google
17a15a60-c55e-4efb-9de2-0f2d03288b00,2025-07-20,38,lsanders@example.org,Ireland,Instagram
7de1936b-d0fe-44f1-ab1c-2d3dfcadb3fd,2024-11-27,27,ayalarobert@example.com,France,Instagram
1c3892e8-f2cf-4d63-80ab-4b7f2e968660,2025-05-10,56,jacobbrown@example.org,France,Referral
7a57772b-3c1a-4ce2-95ec-ec2c07983bc0,2025-05-23,48,smithjoseph@example.org,France,Instagram
fcd49681-ca09-4b17-951b-2503aa528f85,2024-12-12,44,alexasmith@example.net,Denmark,Google
eccf3b91-e352-49a0-95de-293bb9a807ba,2025-01-16,67,meltonjoshua@example.net,Denmark,Referral
f521cf35-a358-44d3-bc76-627b00cd11a8,2025-11-06,51,allen50@example.net,France,Google
7f780428-20bb-459a-8820-7d4e812fdd98,2025-09-14,47,marisa87@example.org,Ireland,Instagram
25bdab14-74ae-4b96-ae13-3adc7ff5088e,2025-07-05,75,juliesweeney@example.net,France,Referral
fd853cf8-7932-48b9-ad8a-c4bc6c24dcaa,2025-04-03,21,hmyers@example.net,Ireland,Referral
ec4de885-b245-47d9-8849-032c48754d16,2025-02-06,20,udavis@example.net,Ireland,Referral
d98d213c-0ddb-4654-8e19-2f51dda8b391,2025-11-04,39,unknown@meditrack.coom,Denmark,Google
260892d6-f840-46f2-af0e-ebef97e89057,2025-07-14,48,hsanchez@example.org,Denmark,Referral
a894b11e-abb5-48e1-8b9a-6ed5fdbcebdb,2024-12-29,57,phancock@example.com,Ireland,Instagram
624b31d7-2e5c-48ad-97c6-eb3ccb5a1c0e,2025-05-23,77,ievans@example.org,Denmark,Organic
e8ac64c4-b6b9-4240-9041-6cbc534234cf,2025-10-08,49,richardhaynes@example.com,France,Referral
c891c9c6-8952-4c51-9145-3eb78e59f579,2025-09-20,80,unknown@meditrack.coom,France,Organic
d64f10b5-84d6-4400-905d-d35c7d127b6b,2025-06-29,58,molinajared@example.net,France,Organic
dcac41f8-2e40-41c1-9e09-14d2e5c943b1,2025-07-04,44,adamwest@example.com,Ireland,Google
8192ef8f-1fed-4603-badc-970415a905b4,2025-03-16,68,rodneylandry@example.org,Ireland,Referral
f23b1efb-0bd1-4d4a-8cf4-1edd3f9304fa,2025-11-08,67,donna72@example.net,Denmark,Referral
61bc7c56-42bb-4f63-8145-8abc8cc2e0f0,2025-07-22,48,ricardomiller@example.com,Ireland,Referral
16c702a1-a3e2-4c17-9450-c61f10e2b676,2025-04-08,80,kimberly23@example.com,France,Referral
8d31df34-4830-4ffe-9d8a-bf0a9278f380,2025-03-06,63,mosleygeorge@example.com,France,Organic
bdc5a633-ce5b-461f-985d-40112e408d57,2025-08-02,74,iwoods@example.com,Denmark,Google
a3a22f35-b9b5-43c7-ab1e-fddc0d888933,2025-11-18,67,erikabarnes@example.com,Denmark,Instagram
86052bef-c382-4725-a1c6-3384ee20a0b5,2025-10-23,38,charlesfranco@example.net,Denmark,Referral
5a98b715-4c60-4543-941b-f89c75d9c07c,2025-01-05,28,pamela26@example.com,Denmark,Organic
7df6bc1d-6e49-48ac-99f1-45cc0244e4d7,2025-02-07,21,unknown@meditrack.coom,Ireland,Instagram
6bcce72a-1e69-4c3f-840b-71a6fba13732,2025-05-24,48,tmarsh@example.org,France,Referral
020e2e6a-bcc8-409b-98da-ae8cf9f7e004,2025-05-04,48,justin16@example.org,Denmark,Google
4e733dcc-8664-42ee-a844-a0e3615eca80,2025-08-10,42,jeffreysimmons@example.org,Ireland,Organic
87638104-96c2-4045-875f-fb36be30cae9,2025-07-06,56,debraclark@example.com,Ireland,Organic
b46499f4-3163-4274-b0c0-41a9d141b9e4,2025-05-09,31,jonesamy@example.com,Ireland,Instagram
fd595978-7965-42e3-b9b0-94ac4d2d8efd,2025-09-01,66,bradleylee@example.net,Denmark,Referral
f8b6bdee-8373-4df3-9ec9-1438884ff1a7,2024-12-24,55,ychristensen@example.net,Ireland,Organic
9b72a9fe-669e-498d-a3e7-3896c784ef4b,2025-03-06,72,adamarmstrong@example.net,France,Referral
154f9eb4-5316-4cb5-9e7e-00e5f8e351ea,2025-11-08,48,jennifer69@example.com,Denmark,Referral
a845f723-8992-4e2d-8400-e249f8bb1616,2025-11-20,26,unknown@meditrack.coom,France,Google
653d171f-c0bd-4748-9bb4-64a3cec79642,2025-01-22,57,jessicahamilton@example.org,Denmark,Organic
54edfb70-4eb0-4866-a9c3-d598d0c24f21,2025-05-21,57,brianholt@example.net,Ireland,Instagram
b7007ce3-e25c-4f9c-afcf-ea4d627e91e1,2025-09-24,28,vasquezvicki@example.org,Ireland,Referral
87cd9444-6dba-4754-ad95-d98d26aeaf29,2025-03-29,55,erinhernandez@example.net,Ireland,Referral
e830257d-cf8b-4eb2-83f1-5176eed15809,2025-08-14,23,mccormickmichelle@example.org,Denmark,Referral
93ed82c5-1cf8-4164-913b-776ed08ce31e,2025-05-02,65,duane52@example.org,Ireland,Google
894539ec-8850-4e9d-be1b-203488a5316f,2025-09-23,39,tmiller@example.com,Ireland,Google
2a31edfd-6166-4c7c-93c6-e5a067b4a019,2024-12-17,61,deborah34@example.org,France,Organic
6843ee98-54d1-44d5-98ed-e297acb83fce,2025-10-21,75,shawkimberly@example.org,Denmark,Referral
293a60be-b7f3-40ad-84d1-c310240f92a4,2025-11-25,34,seth25@example.com,Denmark,Instagram
8c111ba4-4f3e-4a2c-9ed6-4d2ac42d5f03,2025-10-10,80,portershawn@example.org,France,Organic
11730df2-2956-42c6-8bac-fa4aef1e4acf,2025-03-09,24,michael12@example.net,Denmark,Google
0a22be56-7cfe-4ab0-9198-83f9f8c01007,2025-04-09,24,unknown@meditrack.coom,Ireland,Referral
5fa9b21a-504b-40c8-b3b9-37f29fe7e068,2024-12-27,35,qhunter@example.net,Denmark,Instagram
4c5fccfb-14ea-437c-a7b2-916c461ea8aa,2025-10-12,49,hsavage@example.org,Denmark,Google
2f1fc132-426b-4236-a4a0-7521ab6dd0aa,2025-09-26,26,jacobsonroy@example.com,Ireland,Google
b9046b52-13eb-4599-b2d4-d3a598dd6c3c,2025-07-29,43,mariodowns@example.net,Ireland,Organic
d51f6de1-f17d-4a26-b357-d500fcfd348c,2025-10-06,65,lfowler@example.org,France,Organic
2a8598d1-c63e-4e47-8bcc-4e8db24a4a6d,2025-07-04,18,michaelfarley@example.net,Denmark,Instagram
ffc19ef6-a61f-435f-bfc7-06f0b30672dc,2025-05-12,70,ibell@example.com,Ireland,Google
55f8bbb8-c3dc-4b92-b95c-a96d85ee751c,2025-01-07,22,stephenbrooks@example.net,Ireland,Organic
6f959489-8af2-420e-a9a3-e5f6984ad463,2025-04-15,38,swalters@example.net,Ireland,Google
db642c52-e7e7-4ec3-acd5-afa3f01a5097,2025-01-02,38,shafferdale@example.net,Ireland,Google
69499fce-eeb8-4b7d-9dc3-3d41043486c3,2025-01-03,39,schultzwesley@example.org,France,Organic
69b6175e-76c5-4d2b-a9fd-d358cb33478a,2025-10-25,67,unknown@meditrack.coom,Denmark,Instagram
bdbc34f8-c8dd-49bb-b42e-8714a51581ba,2025-04-20,18,kimberly84@example.com,France,Referral
27439b53-06b8-4c8a-83f9-c74d085d5d01,2025-09-12,31,matthew96@example.org,Ireland,Organic
31523136-6430-4373-b936-a9688e44f2f8,2025-07-10,44,zpoole@example.net,Ireland,Instagram
a2e2d1ca-f07b-49bb-a0fd-a7846dd9a879,2025-04-18,56,richardflores@example.org,Ireland,Instagram
8d8b3728-d65b-4676-829e-70e0eaaa94c8,2025-01-24,30,james10@example.com,France,Referral
a26c2d5a-7426-47e7-bbc1-085b216b9833,2025-07-16,35,jacob34@example.org,France,Organic
b9ef9fa8-3ec8-4e58-9728-2d3089111a42,2025-09-08,49,qtownsend@example.org,France,Instagram
a02cbed2-f58f-41b0-bc8c-65ab12d5dfe5,2024-12-24,28,ubrooks@example.net,France,Instagram
293e16b3-cefd-4224-b36c-c67ee886818e,2025-01-31,75,bergerdonna@example.net,Ireland,Referral
1e014975-080d-4370-9ad4-c20f9b4dbb90,2025-11-19,44,timothy99@example.net,Denmark,Google
bddfd7eb-8591-4036-a88c-22220148a245,2025-02-28,67,leeanthony@example.org,France,Google
a6e486bf-8d2e-4a22-b544-f70c593acb51,2025-03-14,27,zgraham@example.org,Denmark,Google
d0de4fb6-458c-4c02-bf40-964098a91187,2025-03-23,26,lawsonruben@example.net,France,Referral
a1f886ce-e5dc-4ce5-9fbb-dfd75a58abba,2025-09-22,26,cjackson@example.net,Denmark,Organic
1c5d9fe9-0b07-4a68-88f2-17a3e2213776,2024-12-14,47,charles59@example.com,Denmark,Google
ab117736-7260-482f-a30c-1e0e69cda159,2025-01-10,51,beckystanley@example.com,Denmark,Google
5727bd83-1ac2-499a-bcd6-572f301b5b4e,2025-02-11,41,kathleen47@example.net,Ireland,Instagram
8ce0bd8f-ed4b-429f-9e4a-a01643fcf7b7,2024-12-27,21,zlewis@example.net,Denmark,Organic
0922d88d-e522-4d31-8d9a-6fce1d7cf46d,2025-06-25,36,camerongarcia@example.org,Denmark,Instagram
b7403274-b313-4c8e-9ec6-c95ee1f217be,2025-04-24,62,ugarcia@example.net,France,Instagram
11c7c76c-ae73-43c0-90ab-36602b945cbb,2025-01-26,36,unknown@meditrack.coom,France,Referral
bc1cd60d-7d9c-43c7-b3de-aa5655eef366,2025-04-04,67,elizabeth45@example.com,Denmark,Organic
4d171ebc-5a45-48ea-93e7-63d10378bcb7,2025-08-13,79,rrodriguez@example.net,France,Referral
25dccca2-054e-4210-a3c9-f400ba6c557c,2025-11-20,29,donnathomas@example.com,Ireland,Google
bdb2fd9e-93dc-4eea-be8e-e36a07e95e6d,2025-08-08,28,vhoward@example.org,Denmark,Google
02223c10-f82f-4dc3-9c35-730b49d52453,2025-05-28,25,stevenhernandez@example.com,Denmark,Google
eed4d005-7922-4d87-883a-1c2738071019,2025-04-05,62,ghenderson@example.com,France,Google
3312de73-c485-43a3-aeee-230223a10fdd,2025-02-26,57,tspencer@example.com,France,Referral
817c6779-d52d-4f91-864f-e16479472ea4,2025-05-08,27,howekevin@example.com,Ireland,Referral
b5604484-9377-49f6-ae2d-0681a8b26070,2025-11-01,19,david59@example.net,Denmark,Instagram
df18e065-df58-44d5-9165-5b1e5b9facde,2025-01-23,39,charles93@example.net,France,Google
4feeea91-8003-44a8-9c7a-b4e3ee8b09a3,2025-04-22,71,gardnerpatricia@example.net,Ireland,Instagram
0f344fe1-c3c5-4bb5-a355-ce1655a47eab,2025-01-16,77,sandra03@example.com,Denmark,Referral
7f20f661-091d-4643-9aa3-c18e0aaf8962,2025-05-31,32,ryan43@example.org,France,Google
c60b846e-06bf-4fb7-8e2b-d8c9ee662c46,2025-09-09,37,amandadalton@example.net,France,Organic
8d70600f-04a1-4d66-bce8-8f22af001605,2025-05-22,62,unknown@meditrack.coom,Denmark,Organic
b2086418-6092-4068-8403-b430631a9c3c,2025-01-11,20,hdunn@example.com,Ireland,Instagram
fb876271-9d9b-42b9-a5ab-686c1e34c29a,2025-10-23,48,james60@example.org,France,Instagram
34b34dcb-8b2c-45b5-b039-0686400d083a,2025-05-27,51,priscilla37@example.net,Denmark,Google
86df42bd-3e84-455f-a755-3468de74e122,2025-10-19,77,heidi81@example.org,Ireland,Organic
b2c68986-3c2f-4b76-ba58-4a4b092e9fab,2025-05-07,50,bbenton@example.com,Denmark,Instagram
4728ddf6-4532-499e-88a4-3ec0d61968aa,2025-06-30,47,margaret10@example.com,Denmark,Referral
0e9f52f7-c09d-457f-bc44-1fbcedb68854,2025-09-18,72,rfarley@example.com,Denmark,Referral
88e61f32-f01f-433c-bdab-0afadbc7945d,2025-05-15,29,francisco67@example.net,Denmark,Instagram
56688530-4bbb-4e9a-8af5-3d42c5767c74,2025-06-24,25,gilbertmichael@example.net,Ireland,Instagram
cf6d2a9d-a72d-4bf4-884d-16c04021a347,2025-09-05,65,unknown@meditrack.coom,France,Referral
b7a4c108-8dac-40f9-8abd-99fd513cd464,2025-02-18,49,theresa05@example.net,France,Instagram
1cf98855-719d-454f-81c6-af4013d5ac4f,2025-06-02,61,jameshudson@example.net,Denmark,Referral
618f178a-266b-4b6d-b9ec-28ffa8350a40,2025-09-02,78,friedmansusan@example.org,France,Organic
78ea904d-9b6b-4992-8d2a-9d7acc5732f2,2025-07-26,20,mstewart@example.net,Ireland,Referral
1b96ee81-9ddb-4fea-9bd7-871c976b1a33,2025-11-25,33,jonessamantha@example.com,Ireland,Instagram
7a239f3c-c1f6-428b-8a0e-fbe56f8963b3,2025-08-10,39,unknown@meditrack.coom,Denmark,Instagram
741a5b09-a63f-43ea-ac85-2cc75eb00e6f,2025-04-14,35,uthompson@example.net,Ireland,Instagram
e70cf274-9930-400a-8700-6af32b39e995,2024-12-11,69,adamwall@example.org,France,Instagram
eb01bba7-4b81-4a84-b42f-790ed4bee4e4,2025-01-06,45,wallaceryan@example.com,France,Referral
2d1b143e-1da6-436d-acc3-f8aaa9943d14,2025-05-16,25,donna56@example.net,France,Referral
81eab1da-4496-4883-8a7a-677b076a16e7,2025-02-13,59,xbrown@example.com,Denmark,Google
380cfd3d-ba6a-441c-bc4a-14cf44b0703f,2025-03-31,59,parkerrobert@example.net,Denmark,Instagram
34c993ae-8938-479c-aaa2-0c1ee028c315,2025-09-08,21,gouldchristina@example.com,Denmark,Instagram
5fb698a5-e920-4b3a-a951-c8a7cd210a34,2025-03-28,49,angelawright@example.org,France,Referral
757ad703-4628-4fb8-8d59-f68e05ffa2f2,2025-02-09,74,tanya97@example.com,Ireland,Referral
8f962ff2-186b-4a71-9569-12ddf9cf2bd2,2025-01-27,42,fwatkins@example.org,Denmark,Referral
793841a9-d68b-480f-9dd2-30366737cac9,2025-06-06,37,briansnyder@example.com,France,Referral
d5963842-567e-4c74-bd92-232a4fbb831a,2025-01-21,31,hannah96@example.org,Ireland,Referral
b5786277-761c-4a2b-9263-f8e03c5969c6,2025-05-22,73,morseronald@example.org,Denmark,Organic
7ec469d8-6c97-44c0-a2b0-505509fff6ab,2025-01-28,74,jtaylor@example.com,Ireland,Referral
1e19f010-4bf7-4012-825e-c446663f730d,2025-05-05,50,jennifer48@example.com,Ireland,Referral
ed55169f-5486-4db3-afaa-f79135eb0106,2025-08-27,43,frankespinoza@example.com,Denmark,Instagram
2de1bda4-6a92-447b-9154-00a60283a43b,2025-01-21,25,holderadam@example.net,Ireland,Google
206faddb-1a31-487e-904c-01a1434fe133,2025-09-14,19,xrivera@example.net,Ireland,Google
ceab2f76-f776-44e8-86f9-09649ad28c4a,2025-08-23,76,aclark@example.org,France,Referral
edf6cca4-1761-41ce-b768-d6aafd34d21e,2025-09-17,62,unknown@meditrack.coom,Ireland,Organic
ddbb3fa4-0679-44f2-ad92-38a459225b53,2025-04-09,56,wtownsend@example.net,Denmark,Google
8f4ea920-9df2-4554-b6ba-48926c905f13,2025-10-13,44,patrickwhite@example.net,France,Instagram
7886f504-ed75-4b74-b7d0-c829dcf9b680,2025-11-26,61,ehenry@example.net,Ireland,Organic
d33650db-3164-42fe-90a0-e2600fbd6062,2025-09-01,55,jessicamiller@example.com,Ireland,Organic
21fae8a0-bcf4-4ed1-817e-3dc0bf5628b9,2025-03-20,45,lmccarthy@example.com,Denmark,Google
43b93b02-7089-4400-b293-2bfb42650798,2024-12-30,30,unknown@meditrack.coom,France,Instagram
8365d2cf-173b-4226-84d9-ea2dcb56eb48,2025-09-06,71,jeffery40@example.org,Denmark,Google
2fb9950b-a190-4a44-a888-7521845c10ea,2025-05-19,55,xwillis@example.net,Ireland,Google
e6b9f3a3-96a0-4726-a886-a9fc60beb85d,2024-12-09,44,sotomisty@example.org,Denmark,Instagram
74d99fb1-9dda-4e36-8f29-21017062dff6,2025-07-02,27,unknown@meditrack.coom,Ireland,Organic
4cd82847-66b1-4859-adb5-d5e67b88e4ef,2024-12-11,39,kathrynsantana@example.net,Denmark,Referral
e2f7e7ea-4cf2-4df8-ac1f-5d972a983090,2025-07-03,31,stephaniebradley@example.org,Denmark,Referral
c9dfaf7c-5549-4107-a9d5-00dd21408672,2025-11-13,69,parkerkatie@example.com,Ireland,Organic
db964db1-3c76-46e5-af41-87bc1493794a,2025-02-09,23,ramseyeric@example.net,France,Organic
0df473bb-c577-43a5-ac26-257766d6089e,2025-03-17,27,judy19@example.com,Denmark,Google
acba60e2-decc-4aea-a22b-3588c275da34,2024-12-26,76,rogerssarah@example.net,Ireland,Organic
d015f623-83d0-4e33-b296-c4c04201938b,2025-07-09,44,dgraham@example.com,Ireland,Referral
eb34d8de-3e7d-423e-9e03-83d4b061c6ff,2025-09-25,29,uwilliams@example.com,Ireland,Referral
04cac3d1-3506-4337-a83d-21a9014b069c,2025-09-09,30,joshuaford@example.net,Ireland,Google
398e1dc0-38a8-4b55-98de-abfe5172e4f0,2024-12-03,72,jeffrey94@example.net,Ireland,Google
75ecc661-d3b4-41d1-9bfc-24bdb647d58d,2025-06-30,59,amber78@example.org,Ireland,Google
ac48ceaf-2b85-4fb7-b29e-21268840e78a,2025-04-18,45,kjohnson@example.org,France,Organic
6a5731f7-6e78-4d59-909c-ca675a042fb0,2025-11-26,39,potterjustin@example.net,Ireland,Organic
55849e58-d472-4e33-885c-c79300dab7f8,2025-09-02,64,francesgarcia@example.net,Denmark,Google
6b13b71d-f968-46e7-ab08-984ba731d6f3,2025-04-26,50,montgomerydillon@example.net,Ireland,Referral
2cdaa0b2-3d43-44fe-9fe9-1357b91a7793,2025-05-18,69,marcuscarter@example.org,Denmark,Instagram
01c31adc-11e1-4ee9-b664-b2b9b8d80619,2025-08-27,37,ecamacho@example.com,France,Instagram
65fd5412-cfc9-4b52-8aff-a0a00f4e2726,2025-09-26,45,coxjennifer@example.net,France,Google
43b6c6ef-35c8-4133-bb8b-1581cba95e23,2025-01-01,63,ellisjenna@example.org,Denmark,Organic
4b9842c5-57aa-4681-828f-54aac1c97ab6,2025-08-06,79,kristin49@example.com,Ireland,Instagram
e152dc3a-3894-4e06-86a4-093b49d693b1,2025-04-11,58,jennifer42@example.net,Denmark,Google
41deca4c-625c-4de5-9bf1-19414ad653d0,2025-07-18,64,rosalesbrandy@example.org,Denmark,Referral
5d39b505-4269-4d14-8316-cde595906901,2025-08-17,70,kwoods@example.com,France,Organic
f3b81fe4-194d-4447-a05b-e2306603854f,2025-03-27,68,nelsonsuzanne@example.net,Denmark,Organic
2ec46bfe-bd4b-49cd-8c19-e0ac418df073,2025-08-06,78,jeremylove@example.org,France,Instagram
ad8716e1-4679-4c1e-9755-19cd3fbfe7eb,2025-06-20,67,connie12@example.com,France,Instagram
556ed0d1-4e65-4eee-a51d-d64e5eec2af4,2025-08-19,25,shannon69@example.com,France,Organic
46327360-c45d-4c03-b4f6-b97ef998aaa1,2024-12-04,80,jasonmoran@example.com,Ireland,Google
fca7644d-47b7-4d17-bff5-ea797caebdfe,2025-07-07,24,dbrown@example.net,Denmark,Instagram
5e9432d6-89b3-489d-86aa-f71457baa888,2025-05-06,23,daniel21@example.com,France,Organic
05ec647e-eec4-42d0-bf66-02259a86a2f5,2025-01-17,62,zsimmons@example.com,France,Google
ca46739f-53ba-4c3e-8c5b-f684df823a94,2025-06-12,25,bailey11@example.net,Denmark,Instagram
c7d4a10f-8eec-42a4-b966-f9c21796b7b1,2025-01-07,51,laurenmathis@example.org,Denmark,Referral
87184322-743c-4de6-96fd-c5049341dd73,2025-09-08,31,zpreston@example.net,Denmark,Instagram
888e58e7-06b6-45f4-99d4-5a552e7c77b0,2025-07-05,66,chanamber@example.org,Denmark,Organic
52c1e256-e5b7-4f49-a5b9-5c1abac8f92f,2024-12-13,68,gregorysmith@example.net,Ireland,Organic
9e181620-5f27-4ee1-8b07-9752a93429ae,2025-04-27,49,robertthompson@example.net,France,Organic
4e5a4392-343e-423f-bf5f-ca4f07acc717,2025-04-23,25,regina49@example.com,Denmark,Google
10fab909-fcfa-4e61-ab7d-71bc17956e87,2025-01-07,29,amarshall@example.net,Denmark,Organic
8a3c8743-a808-44f2-92a8-080920d19fc0,2025-04-09,42,unknown@meditrack.coom,France,Google
be41635f-150a-4643-a8c1-fb6439bdc3ed,2024-12-31,35,ncampbell@example.org,Ireland,Organic
f9553aad-b5e0-4cbf-9420-d1494d156c62,2025-05-15,76,kathleen25@example.com,Ireland,Instagram
02ff9754-5291-4b6d-a592-4c9f29714f1f,2025-06-24,68,mmathews@example.net,France,Google
a7cc4274-4780-4b87-beb5-ba0f1e2964f1,2025-09-04,20,matthew24@example.com,Ireland,Referral
c5a24d77-7cc3-4e98-9f39-7fa5ce96cc5e,2025-06-15,59,unknown@meditrack.coom,Denmark,Referral
df9107d5-2055-45c6-8bb3-e035b67333e0,2025-04-03,20,fgraham@example.net,Ireland,Instagram
f0f5bdc1-d1ed-43ba-a5c6-5e052ebfaf4c,2025-10-17,37,donaldbecker@example.org,France,Google
0c858238-4746-4fb7-b3c3-2015dbb93bf6,2025-11-13,35,hphillips@example.com,Denmark,Referral
c3bc5ca7-2906-467d-928b-829a7b1e5e13,2025-11-17,18,petermoore@example.com,Denmark,Organic
b9d9c1dc-1f9b-42b4-a6c4-ce9be483f4f1,2025-08-24,52,jamiethomas@example.com,Ireland,Organic
a3027b21-02c1-4269-93d5-09afc2b5ac1b,2025-01-08,61,alexandria97@example.org,Denmark,Referral
d27e5846-4c7f-4cd6-b032-97d2a911610c,2025-01-11,42,whernandez@example.net,Ireland,Instagram
95c127e6-6d08-49b4-b76e-3a29a07c68c2,2025-01-27,18,oblake@example.net,Denmark,Referral
bb5493e6-ff63-4fac-96ac-b78e1a617efe,2025-07-05,30,john76@example.com,Ireland,Referral
97514f49-38ac-4486-beb6-c0a995f5f2ac,2025-05-04,18,dalton78@example.net,Ireland,Organic
f43e075b-a486-47d4-8b29-5e19d694a527,2025-01-02,53,wilsonkathryn@example.com,Ireland,Google
501bcf44-67f3-44bf-a3b3-1be617269541,2025-07-12,38,katherineharris@example.net,Denmark,Instagram
32d8bc29-1370-4fcb-b215-34f79e541d3e,2024-12-31,30,jphelps@example.net,France,Instagram
a5dc733d-70bb-4a0e-b9d0-2b29e008e8ed,2025-09-20,78,alexandersanchez@example.org,Ireland,Organic
d682a0b4-7bb7-4c42-9cba-7bc6db872c8f,2025-05-06,66,robertabbott@example.net,Ireland,Instagram
e37b8f84-9351-440f-a093-ca68664d49fa,2025-10-23,23,tfrancis@example.com,Denmark,Referral
b1757e7d-f545-452a-93b8-ec305b693697,2025-01-15,22,laurariley@example.org,Ireland,Instagram
9d254dc4-122d-4f06-ba33-dca5c64d8e70,2024-12-20,29,ucross@example.org,France,Instagram
4083ff8f-e10a-4f9f-ae2c-219ab50f2f5c,2025-05-28,80,jorgegonzalez@example.com,Ireland,Google
14e1aabd-a20c-44ba-a5b0-8e26fc52a468,2025-03-31,21,warrenandrew@example.net,Ireland,Instagram
627f34eb-53ad-432c-8131-771e033857e4,2025-03-19,68,michele23@example.net,Ireland,Organic
2e2fcae7-aedb-4046-995b-9abc1b972332,2025-06-30,49,racheljimenez@example.net,Ireland,Google
eb85105d-9cfa-4010-bf51-cc9627bea2b2,2025-03-30,62,jmcfarland@example.com,France,Google
a8df7aa5-e8e0-4199-97f6-4255cf979ff0,2025-08-12,18,abbottchristopher@example.net,Ireland,Instagram
72a9dfa1-22ae-4888-9200-41ca4855f44a,2025-09-02,20,sheryl66@example.com,Denmark,Google
c54f447e-c94e-42f0-be06-8b4e7f63abb8,2025-03-12,29,unknown@meditrack.coom,Denmark,Instagram
8af41753-923f-428e-a678-82aebf733026,2025-01-29,39,jocelyn80@example.org,France,Referral
0b72d0ef-b2fd-4a38-ae5e-c1fc5eee5114,2025-10-26,68,bryantjacob@example.org,Denmark,Referral
e67b6ad3-34be-4f01-a1a9-3ecfec0dd9ba,2025-08-06,76,adam35@example.org,Ireland,Google
42186e6d-ab24-474a-9f2b-e8ba3f05344c,2025-10-15,33,tbecker@example.net,Denmark,Google
e6ace778-d7b6-40a3-8730-b04b608bb508,2025-02-04,64,aking@example.net,Ireland,Instagram
3366da87-7f7a-478c-98b1-3a9d8e041844,2025-01-12,31,harrisondaniel@example.org,Denmark,Google
2f39f8c8-6358-4706-9545-b25409bc6a80,2024-12-27,43,allenchristina@example.com,Denmark,Google
27180985-f2d6-418c-83a3-574a919cf735,2025-03-31,66,sandra57@example.org,Ireland,Referral
e6c9fd54-24bb-4796-89d6-8cdc5ed0b58c,2025-01-03,40,adamsmith@example.org,Ireland,Instagram
75e8abfe-6af0-4106-a235-09a86bcfdfa4,2025-08-22,32,dfarley@example.com,France,Organic
64907a63-36a8-453d-8e90-ee87a4dd2fe1,2025-01-17,72,danielsshaun@example.net,Ireland,Organic
061a1396-7167-48ee-b175-82082e292386,2025-08-07,41,lbradley@example.com,France,Referral
c827e7c0-9337-4b34-a6e1-608ea4282ec4,2025-09-16,39,robertmcdonald@example.net,Ireland,Organic
dcbc5e3f-eb90-40cb-8238-1c49057eccfa,2025-10-11,54,melissa55@example.org,France,Referral
71e538a4-e8c0-463d-a58a-9c6bf205da82,2025-01-01,28,taylorparker@example.com,France,Instagram
f8655d61-0515-4381-a4dc-668072847156,2025-05-25,30,nicole15@example.org,Denmark,Referral
4cd3a6a4-9fc0-4086-a28b-a68a2d5f4dd3,2025-08-01,31,danieldonovan@example.net,Ireland,Instagram
52194d62-a25c-4c5c-b629-c95532773b28,2025-03-13,47,gomeztonya@example.com,France,Google
4e7fb47f-b354-419d-bd22-4110a63f69ea,2025-03-03,79,rmorgan@example.net,France,Referral
4d7e6eeb-04eb-4694-92da-e5a7bc11733c,2025-04-15,55,cjames@example.net,Ireland,Organic
60094db3-b265-493e-8531-4fd0ac01e53d,2025-03-29,35,unknown@meditrack.coom,France,Organic
8240252d-dc89-459a-9190-ae93e9d0c2ec,2025-10-20,54,cochranlinda@example.org,Denmark,Organic
ce96a698-bc8b-4eb7-8371-46f7b91d8c4c,2025-03-31,57,mooreconnie@example.com,France,Organic
5247a092-d93e-4b08-afe2-6180302dc72b,2025-08-30,66,franciscoreid@example.net,Denmark,Organic
81b41b37-698b-4ff4-99ff-70c64bf5cf0e,2025-07-19,46,ronaldsummers@example.net,Ireland,Instagram
a7a3bc7a-01c9-4464-87d2-2e313da325e2,2025-10-18,47,unknown@meditrack.coom,Ireland,Organic
d1550475-c172-494f-9eae-2feb0f76a282,2025-05-03,20,vsmith@example.net,Ireland,Google
51ae2d48-d6f8-4aa7-ba26-6e87432f174f,2025-05-10,22,twood@example.com,France,Organic
ec66f55e-5309-442a-b62e-0da3e14604df,2025-09-14,71,dford@example.com,France,Referral
263e0670-a1d7-4730-9ec8-bcbbfd610d09,2025-04-22,60,hamiltonlisa@example.org,France,Organic
2f14b369-f22f-4eb8-97ca-bad126aa7809,2025-02-14,40,myersedward@example.com,France,Google
4a10ff5a-9b99-4012-ba09-071cb4bdfeed,2025-01-17,76,alara@example.com,France,Organic
a1aa8c49-4ed9-474f-b4f4-8fdc0351d800,2025-01-24,19,gabriella69@example.org,France,Instagram
482a68ff-8796-45b8-a122-32df995fa798,2025-03-31,32,lindsay25@example.net,Ireland,Google
0488a0e8-1028-45b4-b938-ce7ff86e2588,2025-05-09,64,unknown@meditrack.coom,Ireland,Instagram
79e76f99-f8f7-4639-a6de-fc16ea6dccb6,2025-09-10,57,barbara53@example.org,Denmark,Organic
a1f76e1c-c816-4e32-9263-a195f7294c21,2025-06-24,25,jeanlynch@example.org,Denmark,Referral
e3fb8c1d-7841-43dd-9034-4c867d14190d,2024-12-04,29,cruzeddie@example.com,Denmark,Instagram
7672cdbe-7dae-4677-877b-fb5014d0945b,2025-07-05,42,carl63@example.com,France,Referral
bc496467-0f81-4db2-bbc1-686b4badb973,2025-10-16,34,john66@example.net,Ireland,Organic
0e4cc983-82ff-41e0-a21d-4d530a14e77e,2025-08-18,21,tylermcintosh@example.org,Denmark,Google
39bbab8a-b281-438e-97c7-d8e6a495430e,2025-05-21,39,robinsonjesse@example.org,France,Google
14a3ffe6-b3aa-4060-9971-116a01d4bcf6,2025-06-27,58,william26@example.org,France,Instagram
c11161a7-339b-4275-95b6-eac128eccd72,2025-07-07,50,james46@example.org,Denmark,Referral
be2904f8-1b52-41e6-8dfc-9ce763300ee1,2025-11-03,56,jameshudson@example.net,Ireland,Organic
ebbaca66-2a4e-4d28-80fc-e1449a106a52,2025-05-25,66,laura31@example.net,Denmark,Instagram
deaaacaa-748a-489c-bc1c-09a3b98d15a7,2025-10-17,18,joseph97@example.org,Ireland,Referral
7aaaf675-b807-4b46-8814-e14eb5bc1efc,2025-02-09,44,andrew43@example.org,France,Organic
92dd8487-cc79-4eca-99e1-8c8228d04562,2025-01-17,18,makaylasanders@example.com,Ireland,Organic
ae34097a-c6ac-41e7-93e1-4d832f8af5db,2024-12-23,18,unknown@meditrack.coom,Ireland,Organic
355cdfff-5ffa-4dbe-a343-687057d9f647,2025-03-18,28,lreid@example.org,Ireland,Google
b047824a-6c36-4d23-9916-f984c510c97a,2025-06-29,54,stacy70@example.com,France,Google
c25110f8-7cc9-4b10-b677-fb0609e6614a,2025-10-24,69,fking@example.org,Denmark,Organic
b2772e31-4655-4f9a-b692-f6812e654dcc,2025-06-21,35,kingdavid@example.net,France,Instagram
9564d4c1-aedb-4262-9d95-b4d7570edab2,2025-10-02,70,jenniferstokes@example.org,Ireland,Organic
060fc65e-9011-4e99-9aee-c74ff2591fc7,2025-05-06,69,unknown@meditrack.coom,Ireland,Organic
6e12bda9-b2ec-4ff4-8b59-b1515dde7466,2024-12-04,64,unknown@meditrack.coom,France,Referral
e8180064-3e44-4305-ab55-920d81d231cb,2025-11-01,60,unknown@meditrack.coom,Ireland,Referral
314e9b45-0715-41b6-a506-6540c7d77fbb,2025-07-30,33,peter93@example.net,Ireland,Instagram
eac7c57b-fc96-4d06-8e8b-30cea67155cd,2025-03-31,60,samantha78@example.com,Ireland,Organic
38498d35-c329-432b-9114-6ac79588e38e,2025-01-28,77,nharris@example.org,Ireland,Organic
8a90517c-05e5-420a-a152-56aac02d7e7f,2025-09-03,24,nicolehenry@example.net,Ireland,Instagram
13cdaa4c-b415-47cf-a4fe-fbbe5f7a6026,2025-07-04,54,zjackson@example.org,Denmark,Referral
67b4c897-5a6f-4b6b-9070-2efc37ca273b,2025-03-07,75,rachel69@example.com,Ireland,Google
73c66188-108f-494b-b294-a9b6a53dff52,2025-08-14,61,pricemichael@example.com,Denmark,Google
b963c2fc-6fb0-4297-bdaf-638b053f1a43,2025-05-08,77,unknown@meditrack.coom,Denmark,Google
4142d00e-6ff6-4a9a-96e6-e8fc6c944bca,2025-04-03,78,michael47@example.org,Ireland,Referral
17087003-3a84-4b35-82bd-e8050c485217,2025-08-12,33,christopherdominguez@example.org,Denmark,Organic
2dc149dd-c87c-4935-9139-e6d844e01371,2025-06-10,25,unknown@meditrack.coom,Denmark,Google
2ab9aa52-685d-4acf-afd6-b83c86022833,2025-05-30,66,cmartinez@example.org,France,Google
ca5fccf2-9726-4a28-9d7d-8ff7732f4bd7,2025-08-31,59,unknown@meditrack.coom,Denmark,Instagram
4d4e0bd1-cb33-43c6-a629-89b923cce3bb,2025-04-21,23,allenperez@example.com,Denmark,Google
4f728efc-3187-4c09-94da-10125a3c49e0,2025-10-30,60,alexgarcia@example.net,France,Google
0f54c086-4505-41e1-8fc4-5e9eb60afa9c,2024-12-06,37,crystalwatson@example.com,Ireland,Google
41515f1e-9174-4136-8c0b-dc3f6d4a1259,2025-11-24,44,aaronjones@example.org,Denmark,Organic
ab5eebe9-1478-420e-9d3e-a32c7e54da1e,2025-05-14,52,christina57@example.com,Denmark,Instagram
aa399b2c-a1ab-475e-94a2-315dbdfb0259,2025-03-26,27,elizabethconley@example.net,France,Organic
ce62665f-476a-4991-aebe-f7a28521e25e,2025-07-02,80,jeremyjohnson@example.com,France,Instagram
5572fd41-07d5-4b96-ba75-b5fc7921f0b3,2025-11-05,60,parkertommy@example.com,Ireland,Referral
1259d654-86ad-4b8e-963b-ca599d8d2752,2025-09-27,54,unknown@meditrack.coom,Denmark,Organic
765bb069-10a0-42b2-a37c-56bb48d160c6,2025-07-06,69,eric81@example.com,Denmark,Google
4b2cdc4e-4e70-463a-8245-b08ff3a2e957,2025-07-24,43,pbutler@example.com,Ireland,Instagram
4d73a782-9671-47ec-bab8-ad708d57c064,2025-11-05,29,pauladouglas@example.com,France,Referral
58578862-3105-45b6-a40b-1814281269bc,2024-12-21,78,randalllinda@example.com,Denmark,Google
76a831c7-7f63-42b6-9001-3b992fc28f20,2025-07-25,41,ubowers@example.com,Ireland,Google
6f581316-3258-4047-9cba-bedaed343b0f,2025-09-04,24,gibsonjennifer@example.net,Ireland,Google
68473103-0496-422f-9525-a0d148d40d84,2025-06-30,30,wellsnatalie@example.com,France,Organic
65126fe3-410f-41df-945e-49c7e78579d2,2025-03-04,45,billycrane@example.com,Denmark,Instagram
8d676a99-a94a-4567-88ba-1f6f36a25607,2025-03-12,25,wyattsara@example.com,France,Organic
7ad866ba-f252-48f9-bedf-665fa5978064,2024-12-04,60,sarahsimon@example.org,Ireland,Referral
f41e2e7c-00da-4e3f-afe5-f873da60314c,2025-02-22,26,tammy17@example.com,France,Google
56b6b8cc-a612-4e53-9f5e-9c52ef15627d,2025-04-28,25,montesmichelle@example.org,Denmark,Google
983ae235-1891-48cf-97d0-50be22530aa4,2025-06-05,77,watkinsthomas@example.net,Ireland,Google
c2f72b1f-b9d4-42d3-8d35-f50cff02bf74,2025-03-31,23,hartmandanielle@example.org,Ireland,Referral
697ac96d-d988-4d2a-9706-62ce47d9dd10,2025-11-21,37,charles44@example.com,Denmark,Referral
5ccee873-19a1-42d1-9a00-7c08997bd7bb,2025-01-07,20,unknown@meditrack.coom,Ireland,Referral
4fbdb622-46c9-4e33-8c90-6c013b44dabc,2025-09-30,45,cainana@example.net,Denmark,Referral
dddf8a27-b360-48af-91aa-fb5ceb0cbd6c,2025-01-04,23,ruizjessica@example.org,Ireland,Instagram
44f4caeb-49a4-443e-940d-8bcce926aa56,2025-02-26,66,mannjonathan@example.net,France,Instagram
1d5720cd-fa52-43bb-805f-33377f67c68a,2025-04-24,26,julievazquez@example.net,Ireland,Referral
63fe0717-f6a8-48cc-ba11-df76d6e75f73,2025-03-05,37,iwalker@example.org,Denmark,Instagram
7c641c58-a52d-4946-bc03-032cc7f020cf,2025-04-16,28,unknown@meditrack.coom,France,Referral
45957a60-194d-497d-b09d-cd19413b4e20,2025-10-08,35,julie01@example.net,France,Google
3dc0f8cf-1b6c-4937-a282-d170f5080d9c,2025-10-21,52,unknown@meditrack.coom,Denmark,Referral
c1fb0bf5-3e8a-4072-8f49-2a2740898b7c,2025-11-12,38,courtneymadden@example.org,Ireland,Referral
53cef524-0502-4ad9-b568-384d262b2cda,2025-09-04,64,abradley@example.com,Ireland,Referral
bb8cea35-1bc4-4161-aff7-9a573183eab0,2025-03-19,38,zking@example.com,France,Referral
0bb9c606-5320-46af-beb0-b8d1e3e7e32d,2025-10-06,80,thomas38@example.com,Ireland,Instagram
1e684eac-9c9d-4925-bc98-fe89ec6ee5ca,2024-12-31,46,kylie83@example.org,Denmark,Referral
01a0960b-ba89-434b-b224-7627c1e0248e,2025-10-31,29,nmontoya@example.com,Denmark,Google
18f67e0c-bd28-48b0-86e2-e0802a0f31e4,2025-11-20,27,contrerasjames@example.org,Denmark,Organic
9e5f992d-39c2-4259-b310-453da962a21a,2025-01-15,56,swansonjennifer@example.com,France,Instagram
c2d6f712-e152-4522-81af-d792a08ba0ef,2025-03-16,70,emoore@example.org,Ireland,Instagram
2bdf3df4-01f3-4146-a0ca-40ea79465f66,2025-04-13,26,gabrielleorozco@example.org,Denmark,Google
f42050e8-3730-4f79-913a-27afa9179e02,2025-05-10,30,cherylnorton@example.com,Ireland,Organic
36d25823-9b35-4089-829e-588250d3b1d6,2025-10-31,70,gonzalezkenneth@example.net,Denmark,Google
dfedf5fa-174d-45c0-ad60-18d977019d44,2025-06-27,33,rachelhall@example.net,Denmark,Instagram
1cf85fc4-db6f-4f8b-b316-891d88964456,2025-06-19,19,lblankenship@example.net,Denmark,Instagram
23c43184-348e-40ae-9680-b541d9a9a834,2025-09-16,49,hollydavis@example.org,France,Instagram
cf41c7ca-dce6-4522-8632-718eb0ddbe62,2025-08-18,56,morriskatherine@example.net,Ireland,Referral
b01de936-1527-490a-94c0-8edd95f9a545,2025-02-04,56,gonzalespatricia@example.net,France,Referral
99b06cf9-25df-41fb-9011-6cb38bb7ecee,2025-07-29,68,hmitchell@example.org,France,Google
c362f40b-d309-4fc5-acfc-4fb4268c3b15,2025-03-12,38,edwardstaylor@example.net,Ireland,Organic
0b4d2de2-06b8-48bd-b7a1-cf7d6f47d6b6,2025-07-04,70,stanleynina@example.com,Denmark,Referral
16b44b0c-576b-4523-a2fc-ab345868ffda,2025-04-08,27,alyssa66@example.net,France,Google
6444ea5b-dd81-4c65-9f56-4aa2ed9a7dd6,2025-02-27,42,zamorarose@example.net,Denmark,Google
bbb890de-a025-480b-82f8-bae40145d3df,2025-03-01,62,amywells@example.org,France,Google
b7dabc68-60ca-4ead-b1a0-8f668402837a,2025-09-02,72,rossjohn@example.net,Denmark,Google
666bd0ee-b257-4bf7-a439-680010c69c57,2025-07-11,76,unknown@meditrack.coom,Denmark,Referral
858fab60-2bbe-45ea-b9da-74804b8f05ff,2025-06-24,72,rickey20@example.org,France,Organic
b78cbafc-c1a8-433b-ab77-fe6ee1236175,2025-01-13,33,tlewis@example.com,France,Google
dd8f5010-f58f-46a0-b111-6b6a4b38a57b,2025-10-26,19,barnettterry@example.com,France,Google
dcf315c6-47a0-49ae-8ac6-a8536943dab7,2025-03-13,22,ingramjessica@example.com,Denmark,Google
803f8f00-b289-45e7-8e5b-ef683dcf3be0,2025-06-04,66,martin27@example.net,France,Referral
375485e6-ea9e-4202-b463-47573d231e3b,2025-02-11,36,james84@example.net,Ireland,Instagram
1f473751-b579-4849-a22b-c2f850a8ad59,2025-04-20,56,lindsayshaffer@example.org,France,Organic
0a09bdc1-39c8-4117-bfdb-88d752b1731b,2025-10-15,45,cummingsstephanie@example.net,France,Organic
c22664f4-7f25-4778-8140-3ce5c2e8118f,2025-11-13,80,gdavis@example.com,Denmark,Instagram
13853f45-0ed5-4c8c-a2c9-4a442248fe75,2025-03-20,52,unknown@meditrack.coom,Ireland,Instagram
0bde24e2-be66-4e49-8a6d-6803f75ea48f,2025-06-05,50,unknown@meditrack.coom,Denmark,Organic
20f8260c-bf10-445a-9dd3-c5d218927ebd,2025-05-02,55,mcmillansherry@example.org,France,Organic
d173bd6d-16a0-4e13-9b80-5cc7e2712ff8,2025-10-11,74,hughesgail@example.org,Ireland,Google
6e06f176-d140-4967-8d53-48d15b15674d,2025-06-01,46,ryanrodriguez@example.net,Denmark,Organic
4c6694ab-57b5-4de2-b1ae-84bec7be05c6,2025-02-21,24,ricklewis@example.net,Denmark,Instagram
1fc7737c-b94e-46f8-9d50-6e835fd24b9a,2024-12-16,49,shannon09@example.org,France,Referral
90809121-fe41-4b81-9e45-295681e4ee99,2025-06-27,28,prattjustin@example.org,Denmark,Referral
fed024cb-b6f3-4bd4-8409-b7c8ef59a4b5,2025-05-11,23,brandi26@example.net,Denmark,Referral
9acb0045-a449-4efa-8d7d-a747d48d5f9a,2025-08-31,78,hdavis@example.com,Denmark,Instagram
ce9ca015-c7c4-4854-96d4-eb062f592f3e,2025-09-22,41,kimberly66@example.net,Ireland,Organic
8ed31834-fd72-4fc2-85e0-c019b31e120d,2025-05-19,65,dbowman@example.com,Ireland,Instagram
a455ea22-07d0-4e2c-a440-6398f8eb7113,2025-05-07,27,kylehahn@example.net,France,Organic
386bf5fc-9b52-4a4d-851e-4fe83a6570b5,2025-03-26,72,debra82@example.net,Denmark,Instagram
e6f9c201-2478-43a1-bb4a-02831e287c97,2025-08-08,24,jpeterson@example.org,France,Organic
cbd93d47-966d-402f-bd98-03952621b899,2025-09-05,58,connie00@example.org,France,Organic
d56e0949-1de5-4d73-8e1e-5ebdff99fe31,2025-11-20,21,egordon@example.org,Ireland,Organic
0ce06819-24c6-4f93-a081-9bf56940240c,2025-08-21,29,unknown@meditrack.coom,Denmark,Referral
efef1246-16d4-42f7-bb6b-c3b774309740,2025-01-14,18,michael23@example.com,France,Organic
37df79d8-30bd-473a-9f0b-2be660404c51,2025-05-09,20,kurt90@example.net,France,Organic
671cae75-6dbe-434e-a2fb-8131b81c5f50,2025-08-03,69,unknown@meditrack.coom,France,Organic
adc25f16-64b3-4768-bdfd-984e16107d90,2025-10-12,25,alexis58@example.com,France,Referral
f99a3620-6ee2-49bf-8ad3-03b1d77dd689,2025-08-17,39,william42@example.com,Denmark,Google
7537fb16-81ed-4eb3-8bb2-7f15a045d9e6,2025-11-14,71,dominguezscott@example.com,Ireland,Organic
863e3610-ae7a-452a-9179-15b7883a5ef5,2024-11-27,23,unknown@meditrack.coom,France,Google
07d7a393-09cf-4063-91b6-aa0174e60f83,2025-07-31,29,joshuaweaver@example.net,France,Referral
937838f9-bd46-4b37-885f-3b06aefb886b,2025-10-02,77,ogreer@example.org,Ireland,Instagram
64fff7a6-35ce-4da8-9d3d-c371d6ac0d84,2025-03-19,56,kelly15@example.com,Ireland,Google
6d1eb9b4-cc7e-46de-bcf7-526e18edc1e6,2025-05-09,38,brandon94@example.org,Ireland,Google
66f6290a-592b-4112-8459-3083db408797,2025-01-25,29,savannahgrant@example.com,Ireland,Referral
dcd2dfd4-4c74-4676-878f-cedd71341dec,2025-01-27,28,gmccarthy@example.com,Denmark,Organic
b174429c-cffa-4e4d-953e-09baf7b6e34b,2025-05-02,45,anthony00@example.org,Denmark,Instagram
5f5c6553-4e8d-4654-8d37-10e627ebe3a5,2025-07-18,46,charlesyoung@example.net,Ireland,Referral
08a66a64-7b03-461b-9705-a33e52f02148,2025-06-05,43,lpeters@example.net,Denmark,Organic
48cc02e8-4da2-4b5e-88ae-4aba19b1cec8,2025-10-04,68,ncruz@example.net,France,Google
d0fcb577-cec7-4674-8b19-f320b5230821,2025-01-04,53,jamesbrown@example.org,Ireland,Google
d756b927-e0f0-4008-a4a9-94d79b48c6fb,2025-07-21,51,claire06@example.net,Denmark,Instagram
2e401311-c973-484e-ad4c-041374be3766,2025-10-22,49,qmarshall@example.net,Denmark,Instagram
c986b3e4-7161-4888-b2c5-2d76370ebb11,2025-08-16,59,unknown@meditrack.coom,France,Organic
e1ebef9c-be60-408d-bcb3-90767688f76e,2025-05-26,70,lindseyroberts@example.org,Denmark,Organic
dd8d0747-42d3-41aa-9526-db8e922febcf,2025-02-27,32,unknown@meditrack.coom,Ireland,Referral
922fe35d-2fd1-4775-80b0-2a827054ef5f,2025-01-29,34,martinmark@example.net,Denmark,Instagram
53ae322e-d147-4235-a537-cd52b53a2800,2025-01-16,62,davidjohnson@example.net,Ireland,Organic
227cc456-193a-4e2a-b8da-93c8c0b4283a,2025-09-13,25,udaniel@example.org,France,Organic
9266facc-4b2a-4bb4-897a-575d36ce8d27,2025-02-05,33,irogers@example.org,France,Referral
48d1be77-1710-42f5-99b7-a8e82d17534a,2024-12-05,34,igarrett@example.com,France,Referral
aa386ce6-9390-4315-823c-ed0ddc1eb9f4,2025-03-26,45,edwardmitchell@example.org,Ireland,Organic
f7b9a2e2-fe9b-42d5-9de1-d542d8ccacd5,2025-04-04,24,efranco@example.net,Ireland,Organic
5ddf6f80-8a25-4d95-939e-9c1f8cb8cf5d,2025-04-17,61,jasonjohnson@example.org,France,Google
27facb5d-c74d-4800-be1e-0254e35aac0c,2024-12-06,25,bconrad@example.org,Ireland,Referral
7ab417d6-2975-4ef7-9d3f-904a5ca0678b,2025-02-19,33,kramirez@example.net,Denmark,Google
20612cdd-2146-4e31-ba6b-65aa698f3072,2025-10-07,43,petersonjose@example.org,Ireland,Referral
a1b95e07-af38-4794-a0eb-16f1d3e8947f,2025-07-19,49,jacquelinedelacruz@example.org,France,Referral
e49e6f6e-6c56-4f78-9e5a-590a7393c675,2025-09-10,24,woodbrittany@example.com,Ireland,Organic
159d880c-76a5-425c-8f90-bfaab44d4088,2025-02-06,48,unknown@meditrack.coom,France,Referral
1a06cff0-73f5-4452-a899-25840ade0b41,2025-02-25,71,vmarquez@example.org,France,Google
dec756ca-d020-44d6-8c3c-83d3f801a8bf,2025-03-12,67,unknown@meditrack.coom,Ireland,Referral
04dbe9aa-7999-429e-9a8f-55c4b310f0ed,2024-12-08,41,richard61@example.com,France,Organic
96dd4b80-a078-4e8f-9490-9f0af70f8b81,2024-12-06,58,popebrent@example.net,Ireland,Organic
5111044c-10d6-419e-b52d-b8c8ff5b2d52,2025-09-10,37,unknown@meditrack.coom,Ireland,Referral
fd5cd74e-8778-4be6-9b29-f76ec8880b2c,2025-05-26,36,deborahgonzalez@example.net,Denmark,Google
5283889c-c31f-47eb-ac98-1221d4b6f0f2,2025-05-05,47,jillianrasmussen@example.net,Ireland,Instagram
e93bf044-d292-4f7c-b624-013a11269f9e,2025-03-03,60,unknown@meditrack.coom,France,Referral
8a6181ae-e771-4e1b-91df-4ff075f32c8e,2025-10-01,79,davisbrian@example.org,France,Google
02f3e4d0-eeb8-46eb-b00a-ffff5fb14f5b,2025-06-12,34,cainjordan@example.org,France,Referral
7928913d-51f8-4167-b96c-39ad6b35a9b9,2025-07-28,37,meganjames@example.org,Ireland,Organic
176cc975-673a-4c97-987e-828b4cafae2b,2025-09-02,52,villawilliam@example.com,Denmark,Instagram
3ab5d8d0-5ac9-44d4-96be-541b0b0ae00f,2025-08-15,47,rebecca19@example.com,France,Organic
0b44f907-6d59-4e12-9ac7-b94d1ccc575e,2025-05-26,23,gregorymitchell@example.net,Denmark,Google
92e92aa7-f7b8-45e4-80a5-fe0d00167fac,2025-11-13,62,josephross@example.net,Ireland,Organic
0a84bd34-9d34-4ce9-ba5b-10ff80768a77,2025-10-15,26,tracifoster@example.org,Ireland,Google
369db2ef-3b8e-40e0-9ba3-4c18684a05d0,2025-05-19,33,vkline@example.org,France,Organic
eb19071b-0b35-40a1-bfa5-e99ffb23a4b7,2025-02-28,43,moraleskimberly@example.net,Denmark,Organic
5c3dae7b-2a63-4401-a8f6-6646059d42e6,2025-10-24,48,karen72@example.com,Ireland,Referral
6a989799-9135-4949-89a6-92f0073bb78d,2025-04-23,45,harrisonjoy@example.net,France,Google
d5204b48-3a21-456c-8fd6-8618ba6b295c,2025-07-03,35,uclark@example.org,Denmark,Google
66b768bd-4f84-4c31-b954-af2da819d4b9,2025-01-15,24,christina60@example.org,Denmark,Organic
b58a4321-47eb-4172-ad47-d84c143d9bff,2025-11-21,77,unknown@meditrack.coom,Denmark,Instagram
888d7c51-404e-4634-b4e0-270ed0b68d02,2025-09-14,77,aholder@example.net,Ireland,Organic
96bc3f42-797e-4c89-9bbc-af4503d7f55b,2025-06-03,42,folson@example.net,Ireland,Google
6896a57b-b7e1-4681-be84-f0fe22897671,2025-09-13,32,daniellecoleman@example.org,Denmark,Google
bc443508-3a93-41f7-8050-8324875cf067,2025-09-01,31,bpeterson@example.com,France,Referral
80e2ee40-3b89-4988-804d-3ccab1d8ea69,2025-03-25,30,michael40@example.org,Denmark,Referral
73645c1b-15b9-4469-bbb8-d9fed0cb16e9,2025-05-06,32,pduran@example.net,Denmark,Instagram
1a950f3e-bd84-46da-a266-04f3c9afd545,2025-06-03,74,galexander@example.com,Ireland,Referral
430b1057-42fb-4cf1-9c05-dceef49c66f4,2025-05-02,49,lorikoch@example.net,Ireland,Instagram
9e9a3e83-9a4e-46fc-b9a0-e72710e29558,2025-02-14,40,smithgina@example.net,Ireland,Instagram
89f32a99-dfc7-45f8-8165-9d74a93bea35,2025-08-23,64,hmcneil@example.net,Denmark,Google
d667159d-2202-4f9f-b3fc-e44c942a9c09,2025-05-21,19,unknown@meditrack.coom,France,Organic
1a6b88d2-cad7-4ebe-9169-4fbb3cff13aa,2025-01-21,46,gallowaydonna@example.com,Denmark,Referral
93fca973-b631-4c55-8ca3-e980ec955752,2025-06-18,32,garymartinez@example.org,France,Organic
0b996908-1d57-4d69-a120-84786f18b134,2025-10-26,70,unknown@meditrack.coom,France,Organic
ad3e8705-cd52-4f9f-ab67-a72c8ee0314d,2025-05-21,36,jmartinez@example.org,Denmark,Instagram
5f6763a6-3079-4bd3-8ba4-08a8d15d4c43,2025-04-16,60,unknown@meditrack.coom,Ireland,Google
0bcbb729-b064-4038-a727-09090500e955,2025-05-05,35,fhenderson@example.org,France,Google
8aa9d39a-726f-46fd-8ec9-8bf10067eaa6,2025-03-25,64,unknown@meditrack.coom,France,Organic
c5e3b186-5e06-4732-83d9-f3179d7c24ce,2025-06-20,71,russellkelley@example.com,Ireland,Organic
88c79c98-60bf-484e-a40d-383a8dd064e3,2025-08-19,37,unknown@meditrack.coom,Ireland,Organic
28c840b1-67be-426e-9f30-418c9089bcfd,2025-04-18,49,hglover@example.org,Denmark,Organic
8e300e9c-8edb-4ef1-aef6-84198a393869,2025-06-05,20,kennedywanda@example.net,France,Organic
9d470a35-c816-4c27-bc3c-4c2fa40e0199,2024-12-23,52,watsonbrittany@example.org,France,Referral
13d94ad0-d809-4e6d-b41a-d2c25ceef79c,2025-06-23,77,mjohnson@example.org,Denmark,Referral
f0d4ad0c-23a2-4fe4-af3c-fc8f5e58e27a,2024-12-23,69,gward@example.com,Ireland,Referral
6f8cd15f-2344-4207-b0a1-9255671ebf8e,2025-03-04,76,donaldhahn@example.com,Ireland,Referral
7303f483-130f-4872-966f-3d4783214b14,2024-12-16,23,jennifer54@example.org,Denmark,Referral
1038f8e4-0cbe-435d-bbfc-3897f0271efc,2025-07-16,72,sararoach@example.com,France,Organic
76bd0773-d805-4e6a-ad91-6caf9c446194,2025-10-17,59,zavaladiane@example.com,Ireland,Organic
41a51d1f-7bde-4381-b4fc-b6bc012db1c4,2025-10-24,40,unknown@meditrack.coom,Denmark,Instagram
162cf897-a755-44fe-bceb-e192d4796110,2025-10-14,50,anna54@example.org,Denmark,Referral
6bb17a8b-26c1-48f2-ab1c-0430df114270,2025-06-08,78,iatkins@example.com,Ireland,Instagram
31fab84d-80dd-4005-8abc-b652ee52ab7b,2025-06-15,79,louisperez@example.net,France,Organic
e6fe01cc-5553-431a-afd9-d09a8a74a19a,2025-09-03,76,williamscristina@example.com,Denmark,Google
56fc1a76-9e1d-4748-a3fe-266ba23b3ed7,2024-12-08,25,bradley71@example.com,Ireland,Google
c5da3dcc-4dd7-4974-b847-16b7375af79e,2025-08-18,26,hannahriley@example.org,France,Google
f00c4cc5-2045-4d2d-9924-47394705ecba,2024-12-08,22,rosshunter@example.net,Ireland,Organic
0bb34c14-2581-4b22-9728-e2b6912c4ca9,2025-04-08,64,unknown@meditrack.coom,Denmark,Organic
f4d7b8cd-e3c7-4964-b776-cbf620141450,2025-02-14,27,ashleyroberts@example.net,Denmark,Organic
283ca7ec-d8b4-4757-991a-de99c23e471a,2025-03-29,78,robinsoncynthia@example.org,Denmark,Referral
f51a797b-b34e-4d5b-ae73-7276306542ee,2025-01-27,76,carlosmeadows@example.net,France,Organic
91a85948-501d-4146-a177-2a3896aaa3ca,2025-08-28,65,sjackson@example.org,Denmark,Google
bc1af663-a096-4a2f-bc58-196e2064774f,2024-12-01,36,walterstiffany@example.com,France,Google
705c3053-b789-493e-a16d-fc7021965bee,2025-05-28,63,unknown@meditrack.coom,Ireland,Referral
0eb4762e-d32b-4c0d-bbff-1829aea3798b,2025-04-02,71,sarahgonzales@example.com,Ireland,Organic
99249d85-fd9c-40c3-a972-3882a6d9d3d1,2024-12-29,36,harrisonnicholas@example.net,Denmark,Organic
bdeb7527-f721-445e-9796-efbc3f7917c5,2025-06-13,25,carl66@example.org,Denmark,Instagram
b79fa51d-3045-438c-852c-7f939acaf159,2025-02-17,34,tcooper@example.net,Ireland,Google
25987d51-f7f9-4fbc-8ba7-0c7016a54aa0,2025-02-28,44,vwade@example.com,France,Google
8f48de0a-3375-49d9-b879-7294437fdbd9,2025-03-31,59,paigecortez@example.com,Denmark,Google
f30113f0-42bf-4d8b-beda-91503993e371,2025-02-09,36,lambjohn@example.org,Denmark,Organic
77870d52-dd12-4bc6-9eaa-e175445f1ad1,2025-09-07,72,khendricks@example.net,Ireland,Instagram
c959dbb9-52b6-43d4-a481-216b988fd26b,2025-11-06,19,csanders@example.org,Ireland,Google
4d0e2acd-1dc8-474a-910b-41c16a5b54e4,2025-09-07,30,jason07@example.net,Ireland,Organic
14539cdb-1ec8-4633-ae92-6321245fed94,2025-04-10,42,jdavis@example.com,Ireland,Organic
445dff54-427f-4c4b-b5ed-76cfcc29a582,2025-10-01,46,fwilliams@example.org,France,Organic
dea43dfd-29e1-4b4c-b701-f1f4a48f93b4,2025-07-22,67,holtrobert@example.com,Denmark,Instagram
ecccd30e-0bf0-4fdb-93d1-7709a54cf489,2025-09-02,23,lisa78@example.org,Denmark,Google
babfbd99-2d9d-4bd8-aeb2-f98cdb38c2f2,2025-01-12,71,unknown@meditrack.coom,Ireland,Organic
768eaf58-51dd-4a9d-afb1-eb404f26fedb,2025-07-27,73,davidjohnson@example.com,France,Organic
2777fe38-b58d-4c97-99df-5bb2588a7de7,2025-06-04,76,uthompson@example.org,France,Organic
935b67b4-2fbd-4d23-a516-8cda99d6bf85,2025-08-19,26,wbowers@example.org,Ireland,Instagram
9d88e7a4-f763-41e6-9f9f-9701b819544a,2025-04-04,28,reneehernandez@example.org,France,Instagram
b64a46f5-eb6d-435f-a950-94bbf3c8e316,2025-06-01,80,websterkelly@example.org,France,Google
ab9c405d-fd8a-4b0a-8f6a-201a589a691e,2025-10-07,62,jenniferortega@example.net,Denmark,Instagram
dd4f6de8-7a91-4144-b8d8-e96cca54c1d7,2025-09-15,58,wyattdanny@example.org,Denmark,Referral
922731e9-3aaf-4187-a638-4b25a9f9f36c,2025-09-26,35,ysandoval@example.org,France,Google
eb167eb0-c434-4170-90f4-372413d69792,2025-07-31,31,unknown@meditrack.coom,France,Google
8c102bc1-736b-4385-922f-b6b097477da7,2025-05-27,73,brianlara@example.org,France,Google
3b38102b-7bdf-4546-a4a8-844f7d94a6ce,2024-12-26,79,davidpearson@example.net,Denmark,Google
ef9bb09b-a32c-4eae-9735-7f9d3cbb32de,2025-02-11,61,james91@example.net,Denmark,Referral
4f0b5593-542d-4393-a1d9-e819c51c5229,2025-02-03,29,hunter12@example.org,Denmark,Referral
6d37a680-58f9-4bf7-a3f9-899a62ba6966,2025-08-06,50,scottmark@example.org,France,Referral
5ef75904-b1d9-4480-8caf-014434b51e65,2025-07-02,49,whitemichael@example.org,Ireland,Instagram
55dcb8a8-c371-40d4-91e6-10ddd72abf11,2025-07-08,44,unknown@meditrack.coom,Ireland,Instagram
69f876b9-481d-47d0-ac2f-b9e659432772,2025-07-25,38,kennethrivera@example.com,Denmark,Google
469a09ee-422b-48e9-9b93-db00f1db228c,2025-06-26,51,jeremy46@example.com,Denmark,Organic
21c4f6d5-95ea-478b-8ce3-edb778fd780c,2025-10-07,23,benjaminsmith@example.com,France,Instagram
243517e0-0702-41db-92ad-8a480dfac4c9,2025-10-21,68,daniel13@example.net,Denmark,Organic
426664cf-306c-4d84-8c60-507b8d73f2a6,2025-08-08,44,fhughes@example.org,Denmark,Google
29d295d6-0c03-46d6-b27e-ec3b5dda5439,2025-01-25,48,robert52@example.com,Denmark,Referral
0262bf90-3bd8-4e22-8b0f-ab8e9fa4ce21,2025-01-15,62,markberry@example.org,France,Google
2459bf96-6d47-4b55-9b1c-71cb70029831,2025-09-06,66,karen53@example.net,Ireland,Organic
c5035b6c-8e5e-41c5-94eb-ae5dbc165b0e,2025-03-01,48,bjackson@example.org,Denmark,Referral
baca2a87-766a-4be7-8be5-199ee212b2e8,2025-09-07,50,deckerthomas@example.net,Ireland,Google
62e5b19a-0ccf-47fb-8382-79e7ecf8022f,2025-04-07,68,amandaknapp@example.org,Denmark,Google
81d37bca-ea34-43ed-8135-7db8b66db5df,2025-08-19,37,staceywashington@example.net,France,Organic
40773847-9e04-415a-9e92-b9d9f8bc60bb,2025-08-08,66,carlymoss@example.org,Denmark,Google
0553c66b-76f1-48e8-855d-c6140301a06c,2025-09-17,76,daltonchristina@example.com,France,Organic
596fb6ce-af31-4ee8-81ea-a853c415a467,2024-12-23,30,jake77@example.com,Denmark,Instagram
cf3cc829-244a-403e-956e-57f88af0cf0c,2025-07-06,47,valdezashley@example.org,Ireland,Instagram
aa32fd19-c1e8-4c4a-90d8-929c5157cf3e,2025-08-10,38,phall@example.com,Denmark,Organic
0af15cc2-2e0c-4801-b436-6b12c391ef93,2025-05-03,45,rogersjonathon@example.net,Denmark,Instagram
e228d8e4-e964-4172-a9a9-bd7682e89b5e,2025-01-07,27,amanda68@example.com,Ireland,Referral
8988266f-8e67-47d8-831b-dc7053a3b34e,2024-12-18,45,vanessa20@example.org,France,Instagram
4e3e4f5f-0461-4c71-aeda-833f317ca102,2025-08-06,56,mitchellcheryl@example.net,France,Organic
1cde5b69-f8fb-44f3-8bbc-04a3378a91e6,2025-03-09,33,unknown@meditrack.coom,France,Google
eac2e8ad-82d6-41dd-b00a-8b857c501ef8,2025-10-15,64,davismichelle@example.com,Denmark,Referral
32fc5015-b2c4-406b-8381-023f292faba1,2025-01-06,20,brownnancy@example.com,France,Google
5af380a4-ef70-48b6-807d-3d37b5b46dcd,2025-06-17,79,sarakirby@example.net,Ireland,Referral
3f71edab-1ad1-46d6-b472-bd8465cc59d6,2025-05-04,35,tammy10@example.org,France,Organic
817ed3f4-a9f0-4ec4-a7b1-85f6309b7234,2025-09-12,60,rachellove@example.org,Denmark,Referral
d961cea0-8a62-4b5c-ac4b-7dbd1961da1f,2025-05-31,24,michaellopez@example.net,Ireland,Referral
1034794e-db2b-41be-ba73-5eb2999f46eb,2025-06-08,32,jeanette06@example.com,Ireland,Organic
810a9f84-cd4e-4c4b-9bb7-18a5cd7f9010,2025-10-02,29,jenkinsjohn@example.com,Ireland,Organic
aa6cfab9-dffb-4d37-b0a0-d16d8e382a3d,2025-09-17,77,timothy88@example.org,France,Referral
42d4c734-8ed6-4860-98da-fb7a4af3e1d7,2025-09-03,78,margaretirwin@example.net,France,Google
60b97459-09e2-456e-b0a3-be304d06b31c,2025-01-17,36,darrylkent@example.net,France,Organic
7a49ae9c-df4b-4c19-afaa-039b98ec5b6a,2025-01-16,47,ltate@example.org,Denmark,Google
54efe054-0206-4d9d-9be6-aa291ff868e7,2025-02-21,68,scott04@example.com,Ireland,Instagram
53e39b1a-809a-494c-ba3d-55271d9ba450,2025-05-25,45,westbrian@example.org,Denmark,Instagram
0c12ea1d-a300-4f89-9a07-aa8b8772a3ba,2025-04-08,64,greenshawn@example.com,Ireland,Referral
5dba2337-c3c2-4248-baf6-527f78bbd251,2025-07-18,27,kelsey47@example.net,France,Referral
efb3eb37-6d57-4fd7-aea5-f54bfafbb18e,2024-12-10,66,lhunter@example.net,Denmark,Instagram
96bee52e-65c1-4fd6-8f1f-5a9897ad6a67,2025-11-03,72,jeffrey62@example.net,France,Instagram
8fa05149-2bb2-451f-b023-6aca5ee6fdea,2025-10-26,39,madison75@example.net,France,Google
f72a1b7a-ea78-4088-8c9b-9009877477ad,2025-03-03,65,lisa43@example.com,France,Organic
28eda191-dfb4-4b5f-82b3-5e097f101f15,2025-06-06,58,ghendrix@example.org,Ireland,Instagram
fc6f2e6e-9c18-40ba-beea-3cf093ffd1ea,2025-11-22,80,hillsabrina@example.net,Ireland,Google
030b23db-bfbe-4ca3-b610-350b76f53b65,2025-09-04,65,james60@example.net,France,Google
0ad1b7b6-6d35-40b7-b937-c04f3e4c23fb,2025-06-25,46,margaret18@example.net,France,Google
57df4c9a-e7e0-4e25-91d6-782066849b64,2025-11-03,73,wharris@example.com,Denmark,Google
98313d75-8b71-4ba7-a88d-6c65daf2571c,2025-04-30,49,vortiz@example.org,Denmark,Referral
ffc9ff30-9f9a-4a33-9ad6-ff7be4af65aa,2025-08-08,30,cynthia35@example.net,France,Referral
9734aeb4-3550-43f7-b275-de564e18dcc7,2025-05-30,59,hunterjamie@example.com,Denmark,Instagram
f84a9bca-2ab7-413d-899b-316743b6c14b,2024-12-11,22,carlos23@example.org,Ireland,Organic
